ANNUAL_RAINFALL,SEASONAL_RAINFALL,CLOUD_VISIBILITY,HUMIDITY,RIVER_DISCHARGE,DRAINAGE_INDEX,TEMPERATURE,FLOOD
2522.9,1502.4,7.77,66.7,485.9,9.73,31.7,0
2110.1,1003.6,0.2,79.1,1628.8,6.29,30.1,0
2621.0,1944.1,10.1,59.7,2706.2,8.74,23.4,0
3190.0,1931.2,3.79,85.9,1173.1,0.01,25.1,1
2047.8,1298.8,8.06,74.1,1972.2,5.3,26.5,1
2047.8,1066.9,8.22,70.1,1418.2,2.15,27.7,1
3226.5,1919.9,3.37,60.3,468.5,0.94,32.0,1
2698.8,1561.9,7.98,45.3,2087.8,5.32,30.8,0
1894.8,895.3,4.84,62.5,624.2,7.47,28.2,0
2552.7,1230.0,0.2,88.4,1517.3,4.12,27.0,1
1898.8,1331.5,9.5,70.2,1226.8,6.7,20.9,0
1897.3,990.3,3.67,73.0,2214.5,4.9,33.2,1
2357.3,1198.6,3.44,82.9,653.5,4.37,26.2,0
956.4,575.2,4.79,96.7,1812.7,2.9,34.2,0
1078.8,734.3,6.82,90.9,828.2,3.83,28.8,0
1834.5,859.6,5.83,63.3,1091.1,3.5,36.1,0
1541.7,960.5,7.64,51.7,50.0,6.46,30.4,0
2404.3,1167.9,1.98,100.0,3173.7,1.16,22.3,1
1609.8,742.0,3.77,100.0,1940.4,0.93,25.5,1
1282.0,597.2,5.65,77.3,886.1,6.6,27.3,0
3152.7,2207.7,11.69,59.8,600.3,5.46,24.5,0
2053.2,996.6,5.66,86.6,1103.5,4.3,26.5,0
2243.9,1040.1,9.26,73.7,2073.5,1.52,22.5,1
1273.9,740.6,6.12,73.6,50.0,4.11,28.0,0
1846.2,1298.2,4.55,85.7,1386.7,7.9,28.9,0
2272.1,1201.3,5.26,79.0,2916.5,8.9,24.0,0
1451.9,837.0,5.49,60.8,592.8,7.03,35.8,0
2444.2,1129.2,7.81,71.1,1564.3,0.6,28.3,0
1809.6,1058.1,10.12,82.9,3262.6,6.7,24.7,1
2010.4,1253.0,7.08,81.1,2005.7,2.41,21.5,0
1808.9,1123.8,9.56,78.1,1600.7,3.15,28.2,0
3404.0,1871.3,3.11,86.2,1905.3,1.96,27.0,1
2191.2,1193.5,4.76,70.7,1179.3,7.76,31.1,0
1512.5,729.0,3.83,77.1,2539.7,6.49,27.4,0
2734.7,1531.5,6.94,34.5,1180.5,6.12,23.2,0
1406.5,674.9,4.92,69.6,50.0,6.68,34.7,0
2335.8,1588.3,8.19,84.2,1187.0,2.37,29.7,1
926.2,685.3,3.21,70.3,726.6,4.45,27.0,0
1336.7,990.5,6.13,69.4,1275.0,6.33,28.7,0
2328.0,1651.7,8.06,62.5,1292.7,6.37,29.9,0
2680.0,1689.0,0.2,87.0,2457.9,7.92,22.3,1
2311.4,1526.1,12.36,81.6,2056.2,2.87,28.6,1
2124.8,1138.0,5.15,84.9,1710.6,7.7,26.2,0
2004.3,1281.2,0.2,54.3,1497.6,4.4,30.0,0
1239.0,726.9,6.47,73.1,652.9,6.7,25.0,0
1732.1,1029.9,6.1,71.6,50.0,4.56,25.6,0
1900.6,1287.3,5.75,71.6,1590.5,9.49,34.7,0
2887.1,1543.4,8.97,67.6,2135.7,1.79,32.9,1
2423.4,1321.7,8.24,70.8,1413.3,6.75,15.0,0
1054.0,766.7,6.89,85.2,1072.1,5.77,32.6,0
2410.7,1125.5,7.35,52.0,1871.6,1.73,27.7,0
1949.7,1161.4,5.69,96.3,1433.3,0.66,25.2,1
1760.0,1274.0,11.33,80.8,2848.6,7.99,24.0,0
2597.6,1644.6,1.56,74.5,2486.2,1.57,24.2,1
2870.1,1762.0,6.42,85.9,2267.6,1.87,25.3,1
2805.3,1472.6,6.2,57.6,2106.2,9.78,23.5,0
1654.5,914.9,8.44,67.0,467.9,7.17,22.6,0
1999.0,1410.5,3.47,73.5,2030.4,2.5,23.8,1
2415.3,1492.1,0.77,91.4,1801.1,5.91,29.3,1
2834.1,1713.0,6.47,74.4,1985.1,5.34,28.2,1
1888.5,906.3,6.84,80.4,1894.1,8.44,30.2,0
2079.3,945.7,10.47,67.9,1862.2,7.29,27.7,0
1480.9,1094.5,2.19,80.8,3660.7,8.32,22.8,1
1422.5,801.0,9.46,95.1,1439.1,2.12,30.0,0
2728.1,1721.4,13.1,86.9,2249.1,6.4,24.0,0
3081.6,1460.4,4.87,74.0,1123.2,0.4,30.6,1
2153.2,1410.2,2.13,83.1,2132.5,0.69,23.3,1
2852.3,2081.5,4.78,81.9,2251.5,7.14,25.3,1
2435.1,1516.3,6.04,81.1,1791.5,0.24,26.6,1
1780.7,868.7,7.69,88.3,2835.4,5.8,30.7,1
2434.9,1520.6,4.23,88.3,792.6,8.4,28.7,0
3199.7,2175.5,10.67,73.5,1110.2,3.8,28.1,1
2176.7,1244.9,2.66,82.7,1669.9,0.45,35.5,1
3217.0,2296.8,0.78,70.4,2204.6,7.14,20.7,1
497.2,320.5,9.32,63.9,1643.5,9.3,23.8,0
2734.2,1968.0,0.2,71.8,2528.6,7.17,23.7,1
2256.6,1437.6,5.39,74.1,970.6,5.78,20.9,0
2005.6,981.5,15.0,55.1,587.5,2.3,25.1,0
2259.6,1226.8,5.96,85.3,1746.5,0.15,30.8,1
908.1,463.6,2.64,41.8,1438.3,6.95,25.6,0
2057.2,1486.6,5.83,100.0,1934.3,2.31,26.7,1
2432.1,1649.3,5.85,93.0,1478.1,8.58,21.1,0
3160.6,2063.6,6.48,71.9,1228.0,4.66,24.8,1
1863.1,1006.6,7.99,75.1,1440.0,5.31,26.2,0
1674.5,846.0,2.88,78.6,1523.1,7.54,30.6,0
1873.9,1268.5,11.06,67.9,1256.0,7.79,21.3,0
2795.0,1655.3,6.74,77.3,1337.5,6.43,26.2,0
2413.7,1249.7,8.18,73.3,1177.1,9.38,32.3,0
1855.7,1178.3,4.12,73.9,2185.3,9.82,26.2,0
2533.6,1170.8,9.86,77.2,1655.2,9.47,19.5,0
2263.1,1239.8,5.23,59.2,3305.4,8.24,33.1,0
2829.6,1671.1,6.83,75.5,1628.6,7.06,30.9,1
1743.7,862.0,3.2,77.0,1059.3,6.63,31.5,0
1987.0,1481.1,3.01,76.5,3636.5,1.04,21.0,1
1945.1,997.3,8.06,72.4,1830.9,2.71,34.0,0
1248.7,610.8,4.67,88.7,2292.1,0.06,24.9,1
2392.5,1222.7,3.44,70.8,1973.7,1.37,26.0,1
2369.7,1613.1,4.07,77.7,1998.4,4.39,25.2,1
2203.3,1272.8,8.1,90.6,1928.5,1.47,31.8,1
2047.5,1268.7,4.11,74.0,618.3,9.02,27.3,0
1280.0,584.1,5.65,77.6,1794.0,8.06,29.9,0
1926.6,886.9,6.05,73.8,440.1,0.72,28.3,0
1977.2,1154.2,0.25,89.8,1360.5,2.49,27.6,1
1678.5,1166.6,1.59,71.9,919.5,8.19,24.2,0
2095.2,1499.2,7.01,90.4,1786.0,8.03,35.2,1
2462.6,1172.2,3.79,73.8,1767.3,9.45,22.1,0
3426.0,2095.0,9.17,64.7,1884.9,9.98,29.6,0
2313.5,1674.9,8.9,83.2,1729.8,9.76,29.5,0
2367.4,1340.9,8.16,71.3,1014.5,4.1,32.6,0
2151.6,1503.7,11.46,82.4,1291.2,2.5,33.6,0
952.8,467.0,5.75,42.2,2236.3,7.58,27.5,0
2182.8,1594.8,7.95,75.1,2354.3,2.99,30.1,1
2239.1,1512.4,4.25,69.5,582.6,8.06,35.1,0
3801.1,2783.9,13.36,62.2,275.3,5.34,27.7,0
2075.0,1354.9,11.95,68.4,918.5,7.94,23.7,0
2396.0,1339.4,6.04,68.1,2336.2,2.76,26.5,1
2177.4,1592.7,7.16,74.4,2471.9,5.08,22.8,0
1440.4,767.2,10.08,58.6,760.2,5.64,29.5,0
2942.8,1617.5,5.56,78.8,1745.8,9.43,32.3,0
2688.8,1775.2,4.03,91.4,2967.5,2.67,27.5,1
2714.2,1844.5,8.62,78.4,1832.2,9.37,21.5,1
1608.9,1172.6,6.24,84.7,2637.2,8.05,32.1,0
3111.8,1591.5,6.55,88.1,2299.0,7.31,20.9,1
1288.8,888.5,3.5,89.8,771.8,7.87,21.8,0
2581.5,1733.6,0.85,97.4,1348.0,6.05,27.3,1
3623.8,1700.1,6.71,69.0,1527.8,2.44,29.0,1
1556.2,881.0,8.71,66.4,1583.3,1.89,29.7,0
1831.9,979.8,5.32,84.4,2233.1,8.66,27.7,0
2264.8,1226.0,10.31,83.5,1826.9,7.25,35.0,0
1872.7,1395.0,3.89,84.3,50.0,2.13,28.3,0
1192.1,766.3,2.84,97.7,449.7,6.15,32.1,0
2244.6,1493.3,5.8,75.1,50.0,4.48,31.1,0
1509.5,1121.5,5.75,80.1,1640.3,1.59,22.8,0
2507.8,1412.3,8.31,63.2,1692.4,5.32,27.3,0
1602.4,1106.5,3.68,100.0,1726.6,2.82,36.5,0
3207.5,1861.5,10.1,71.0,732.9,0.96,26.0,1
1690.9,1202.0,11.9,71.3,2039.3,4.67,25.3,0
1990.7,1003.7,5.88,70.8,2073.0,5.9,28.7,0
2728.8,2003.8,9.75,67.3,495.9,0.47,26.1,1
1399.9,721.9,2.83,66.2,327.2,4.02,24.8,0
2347.8,1286.3,9.23,68.7,1499.9,2.58,26.1,0
3049.6,2064.2,9.14,58.6,2933.4,0.31,33.7,1
1155.1,656.3,8.59,65.6,2859.8,1.26,27.5,0
2320.0,1467.3,5.95,98.4,1950.7,1.39,22.7,1
2368.9,1382.0,0.2,83.8,916.0,1.83,22.0,1
2708.2,1821.8,4.07,86.1,2209.5,8.03,36.8,1
1396.0,723.8,4.12,89.1,1138.1,4.39,27.1,0
1341.7,627.3,3.07,97.0,886.0,1.47,29.7,0
2539.3,1371.1,6.37,53.7,50.0,1.0,24.9,0
2393.0,1417.4,4.74,60.2,1581.9,2.98,29.3,1
2362.8,1182.4,3.53,65.4,996.1,7.98,33.8,0
2425.2,1349.5,2.82,69.4,1577.1,3.64,25.4,1
1758.0,1002.0,3.85,71.4,50.0,1.6,29.8,0
2351.0,1098.4,9.36,69.6,1635.9,4.04,22.4,0
2390.5,1494.0,4.02,77.6,50.0,5.55,36.1,0
1735.7,1241.5,4.46,75.4,2370.4,0.3,29.1,1
3412.8,1691.1,4.63,66.3,1917.5,6.28,26.3,1
2508.0,1578.4,7.02,48.9,1277.1,3.95,26.8,0
1425.7,925.8,7.37,63.1,1950.2,0.1,26.0,0
2626.8,1512.5,0.2,68.4,717.5,6.74,26.2,0
1566.5,1034.4,9.06,72.0,1557.9,7.12,18.2,0
2711.6,1554.3,10.31,61.4,2135.8,6.29,27.6,0
2953.1,1776.0,2.85,69.1,50.0,3.42,27.4,0
1666.6,753.6,3.08,61.4,1142.2,5.3,30.0,0
2826.2,1858.3,4.65,73.5,1481.9,3.87,25.9,1
2468.3,1600.5,3.73,62.1,1343.0,7.01,24.9,0
2734.3,1262.0,6.67,64.8,2665.7,5.84,28.0,1
3432.9,1924.1,0.2,59.3,600.9,0.82,21.6,1
2040.5,1517.5,2.65,73.2,1003.1,6.43,28.6,0
1710.1,985.4,10.62,64.6,50.0,6.87,20.6,0
1621.8,974.0,3.22,85.9,2708.2,3.71,32.5,1
1669.7,1207.2,9.73,79.9,1303.0,8.76,30.7,0
2149.9,1430.1,7.07,74.2,1149.3,8.43,24.3,0
2421.7,1512.7,0.57,65.4,1458.0,1.75,30.6,1
2379.8,1640.5,7.91,79.6,2009.0,9.04,28.4,0
2737.7,1941.9,5.65,83.3,1777.9,4.41,24.0,1
2208.5,1296.5,4.63,76.7,3618.3,7.24,19.9,0
3144.8,1863.4,6.73,94.2,1863.1,8.14,29.3,1
2028.0,1147.5,7.42,80.5,1127.8,5.05,24.8,0
3968.1,2936.4,8.12,86.0,1050.9,3.99,32.4,1
2606.7,1718.2,9.53,76.6,1185.8,9.15,28.1,0
1642.8,780.3,7.22,83.1,298.5,2.31,25.2,0
1503.9,1066.1,1.87,65.4,1531.9,2.57,35.2,1
2513.6,1493.5,4.58,69.5,2126.8,3.62,30.3,1
2054.7,967.0,14.83,79.2,1009.3,8.59,15.0,0
2664.1,1638.2,8.17,79.1,854.1,9.39,26.1,0
2507.6,1442.2,13.11,81.1,2712.8,2.2,22.5,1
2152.7,1535.5,10.19,88.2,358.8,8.64,24.8,0
1649.6,843.3,6.73,57.9,50.0,2.58,27.4,0
1215.3,848.2,6.9,63.3,577.7,9.71,29.4,0
1909.8,1178.9,5.89,77.8,267.7,5.97,29.0,0
2756.7,1285.7,0.79,66.3,1809.0,0.07,32.3,1
2339.2,1734.6,6.05,100.0,1211.4,0.34,30.5,1
1390.3,839.4,9.63,81.2,1324.3,1.47,30.3,0
2312.6,1242.5,4.2,74.1,2422.3,1.88,28.8,1
2450.5,1447.8,7.24,68.8,946.9,7.68,33.1,0
1625.5,1149.8,8.55,69.2,2120.1,2.23,26.7,1
2299.9,1245.3,3.27,75.4,2709.1,9.69,26.8,1
2237.8,1136.4,4.65,76.3,1135.5,6.36,20.4,0
1457.1,712.1,2.95,69.5,2089.6,6.93,32.2,0
2432.6,1312.0,3.53,71.7,1306.5,2.18,27.7,1
2564.5,1754.2,2.14,91.1,2239.3,8.93,39.7,1
2904.0,1717.7,3.3,91.6,242.8,6.68,26.4,0
2885.0,1495.1,10.26,78.0,183.6,8.64,28.4,0
1304.5,652.1,3.25,58.9,1187.0,9.56,30.2,0
1590.4,874.4,6.38,81.5,788.9,1.26,23.6,0
2534.8,1855.4,4.49,93.7,1086.6,0.97,29.4,1
2534.0,1401.0,9.54,91.4,1324.4,8.03,28.1,0
2534.8,1892.1,9.93,83.8,2076.0,8.66,26.8,1
4500.0,2680.1,8.59,92.1,1173.9,5.84,32.7,1
2571.1,1295.2,6.92,75.6,840.9,3.66,24.4,0
2938.1,2107.6,5.31,82.5,1218.8,6.53,29.1,1
2820.1,1658.5,2.42,66.8,884.7,3.06,33.8,1
2623.4,1739.1,11.83,78.5,752.8,2.38,25.2,1
1995.1,1486.6,3.72,91.0,209.6,4.88,26.8,0
2693.3,1252.5,7.99,67.9,1555.6,2.16,37.4,1
1697.7,813.2,9.18,64.7,1045.0,4.84,29.9,0
2046.1,1363.0,4.33,76.2,2273.0,9.57,26.0,0
1884.5,1007.4,9.11,72.3,342.1,8.4,31.2,0
2253.2,1138.5,8.29,82.8,1066.3,9.42,25.7,0
3704.5,1710.8,11.18,69.6,2950.3,8.06,21.7,1
986.3,450.3,4.59,95.6,748.3,3.55,33.5,0
2646.1,1805.5,2.14,59.5,1310.8,8.12,23.6,0
1151.7,564.7,4.48,90.0,527.3,9.23,37.8,0
1893.2,1117.6,6.63,65.8,421.3,9.47,26.0,0
2907.8,1837.1,6.17,53.4,2737.8,6.83,36.5,1
2241.8,1296.9,4.82,77.9,1636.8,2.11,22.5,1
1499.5,687.0,0.27,71.9,1606.9,0.4,32.1,1
1735.1,1188.6,7.41,61.7,142.9,1.47,30.0,0
2641.7,1197.1,11.92,54.8,1787.0,9.66,31.4,0
1725.3,1170.7,7.39,74.9,2425.9,4.62,31.9,0
2340.7,1680.6,7.83,86.7,2419.6,8.55,26.0,0
2229.6,1292.9,7.72,82.0,2034.7,4.65,22.8,1
1776.5,1084.8,7.19,75.7,596.4,6.61,27.8,0
3593.6,2131.3,8.79,80.7,1750.5,0.24,28.9,1
2612.0,1480.4,7.19,74.7,2034.1,2.5,26.1,1
883.7,632.9,5.06,57.8,64.4,4.36,29.1,0
2321.2,1667.0,3.61,57.9,603.0,6.31,29.3,0
1769.8,974.7,5.25,72.6,2210.5,1.72,24.4,0
2754.1,1747.5,6.94,73.1,2200.8,7.65,29.6,1
1684.9,1226.7,5.05,85.2,261.1,3.64,26.9,0
2125.4,1569.9,6.94,84.1,2136.0,8.17,25.2,0
2528.2,1523.7,7.32,82.3,1576.2,0.98,31.1,1
2762.7,1618.5,8.5,71.6,2124.8,6.8,24.9,1
1419.8,757.6,9.85,58.4,992.4,2.93,26.2,0
1982.6,1462.5,6.23,79.9,2016.1,7.95,28.3,0
1891.3,932.1,2.08,81.3,2175.1,4.02,33.5,0
1775.3,1107.7,4.96,46.3,1218.9,6.65,28.8,0
3347.5,1790.2,6.13,65.0,1514.2,9.34,30.1,0
2463.2,1314.6,0.49,66.7,981.2,0.21,26.8,1
1380.4,788.9,10.17,76.4,2821.3,0.11,27.7,1
2796.6,2096.4,6.43,65.4,1403.8,7.7,27.8,1
3579.4,1669.8,7.14,74.5,762.4,6.46,29.2,1
2871.1,1790.3,10.1,72.5,927.3,2.93,26.8,0
1212.4,575.6,4.11,73.1,1601.4,4.94,33.4,0
1885.2,935.8,7.72,66.4,2102.7,0.42,26.5,1
3023.5,1759.3,5.67,67.3,431.3,1.92,21.2,0
1740.0,1049.5,5.45,62.0,2978.1,4.24,39.0,0
2488.5,1313.0,3.68,79.6,1746.9,8.34,26.7,0
2703.5,1473.2,11.0,81.9,1873.2,4.8,33.3,0
1597.5,760.6,4.87,65.8,1422.2,5.86,33.6,0
2161.3,1169.2,8.1,93.2,1515.4,8.74,31.8,0
400.0,296.0,0.37,71.2,1381.4,3.09,27.2,0
1534.1,1125.2,9.54,93.4,2314.2,7.01,29.1,0
2035.8,1120.7,9.16,67.3,1493.7,8.62,22.9,0
1388.9,862.9,6.29,50.7,2113.6,2.03,36.0,0
3261.1,2357.4,5.32,79.8,1152.9,3.56,24.6,1
1270.4,574.0,7.2,78.0,1656.5,9.8,27.0,0
1914.0,1326.8,12.87,75.4,856.9,9.83,28.4,0
2285.0,1678.3,0.71,67.3,2473.2,2.23,27.6,1
3136.8,1497.5,8.35,74.6,833.0,0.66,25.4,1
1266.7,631.4,3.27,68.9,1240.0,2.71,33.6,0
2956.1,2182.2,5.94,71.4,1248.0,3.98,31.8,1
2206.7,1348.8,5.26,85.1,1216.8,4.41,29.3,0
1562.0,709.6,4.72,77.2,2078.0,6.19,26.4,0
2500.4,1318.4,5.97,82.3,1246.7,9.0,32.3,0
2329.4,1362.7,2.6,72.2,2615.1,3.3,26.1,1
1809.9,1190.7,9.09,70.9,845.2,8.5,34.3,0
2245.4,1504.3,0.62,61.2,1635.5,0.93,28.4,1
1949.5,1459.5,7.62,70.6,879.4,0.42,32.9,1
2273.8,1219.3,5.02,35.1,1836.8,5.04,27.5,0
2630.4,1608.4,2.49,67.9,1487.2,0.6,28.3,1
3230.9,1970.8,6.61,74.0,1376.0,3.92,32.9,1
1395.4,797.8,1.33,81.8,2450.8,8.97,36.8,0
3586.5,1795.9,6.12,71.8,976.5,2.41,34.2,1
931.1,692.1,1.73,79.2,1969.2,7.06,31.5,0
2101.3,1483.5,7.38,48.8,884.8,3.02,30.4,0
2582.4,1548.2,3.23,74.3,1590.1,0.45,26.0,1
2382.6,1503.4,4.65,54.8,543.5,5.57,29.2,0
1795.2,930.3,6.88,60.5,970.0,8.35,24.3,0
2064.7,1266.0,3.68,72.8,1434.3,4.09,29.5,0
1879.5,1237.7,5.83,90.3,2951.7,6.17,29.8,1
1816.9,1098.4,1.46,79.5,1580.6,9.0,20.2,0
2752.2,2056.2,7.89,75.2,2823.7,7.9,28.2,1
2432.1,1540.5,11.29,74.8,1676.3,1.94,29.7,1
1749.6,982.0,14.38,66.4,1190.3,7.33,27.7,0
2784.7,1898.2,6.27,68.5,2731.5,5.02,29.4,1
2399.7,1202.6,8.36,80.1,1849.6,7.46,22.6,0
2728.4,1542.5,0.66,58.4,985.8,4.95,24.9,0
2609.3,1445.8,10.51,82.1,1876.5,1.28,32.1,1
1661.2,962.7,8.33,70.3,1265.9,5.7,28.0,0
1835.9,1256.7,4.55,84.9,50.0,4.92,29.4,0
2685.7,1598.7,9.71,86.5,2248.8,5.18,25.8,1
2596.7,1787.1,5.24,54.9,2375.9,8.79,28.1,1
2186.4,1362.0,4.63,68.0,2970.4,8.95,18.8,0
2276.3,1257.9,7.43,64.7,1837.7,4.54,31.4,0
3030.5,2100.1,2.81,53.2,1301.0,4.56,35.2,1
1815.5,946.7,9.06,62.6,2168.0,5.15,23.7,0
2555.6,1322.1,2.83,100.0,2179.9,5.2,24.2,1
2068.6,1243.9,2.85,82.3,2810.6,9.5,29.8,0
2058.5,1087.4,3.27,98.0,1464.3,6.49,33.9,1
2914.2,1319.3,8.28,84.9,1367.5,2.77,28.0,1
2736.5,1763.7,4.15,66.1,927.6,5.32,23.1,0
2728.8,1646.4,1.96,70.4,1930.0,6.27,27.2,1
3048.6,1779.3,4.18,82.1,261.4,6.4,23.9,0
2213.7,1638.3,5.9,80.3,2120.9,5.85,25.3,1
2643.3,1642.4,2.46,68.1,1970.3,1.78,26.8,1
1998.3,1416.9,2.54,56.9,1968.1,0.34,24.3,1
2410.7,1185.7,12.33,100.0,1610.6,3.38,24.9,1
2115.4,1313.2,3.42,73.3,2726.4,4.28,28.3,1
2263.0,1607.7,5.03,71.1,2197.6,0.62,28.9,1
2586.9,1616.6,4.9,76.4,1014.3,8.15,22.3,0
1668.2,1110.0,4.74,72.1,1028.7,3.44,29.6,0
3560.1,1999.4,7.86,76.5,796.3,9.14,26.5,0
1546.1,738.6,8.84,90.4,1941.0,1.54,30.9,1
1410.8,828.6,5.08,73.5,699.9,0.57,31.1,0
2952.8,1678.2,2.29,61.0,2366.7,4.82,25.8,1
2714.6,1927.7,9.82,73.1,2558.4,1.89,30.5,1
2605.7,1363.3,5.71,69.4,796.8,9.37,24.7,0
2608.4,1930.3,11.19,92.1,1351.6,0.1,33.3,1
2192.0,1616.5,0.2,89.1,1513.3,4.13,24.8,1
1616.8,847.7,6.59,76.3,2207.2,9.27,29.4,0
2249.3,1247.0,11.76,59.7,2787.5,3.84,27.2,1
1759.8,1264.7,4.94,60.3,151.6,0.93,23.9,0
2833.8,2097.0,5.32,75.2,1245.5,3.03,31.6,1
2104.4,1226.9,6.89,79.0,1287.2,4.98,25.5,0
1663.4,908.7,4.32,70.5,379.5,1.85,21.2,0
1991.1,1210.2,5.06,69.2,1111.9,4.67,16.5,0
2468.4,1620.1,4.99,67.9,1842.2,8.36,24.5,0
1833.6,975.5,4.12,74.7,1277.1,8.73,33.5,0
1665.6,1117.5,9.69,46.4,264.3,0.49,33.0,0
2358.4,1097.8,7.38,61.8,3799.3,1.61,25.1,1
2359.2,1096.5,6.75,67.5,1712.9,2.75,26.5,0
1870.5,1058.5,8.43,89.5,1589.4,5.95,26.1,0
1893.8,1053.0,5.21,65.2,621.7,3.61,22.7,0
2350.8,1280.5,3.68,77.2,1708.6,8.44,24.2,0
1258.7,751.9,4.19,77.7,1368.6,7.17,31.9,0
1285.1,702.0,6.01,90.6,50.0,1.0,30.0,0
1733.0,879.8,2.82,90.2,643.8,6.25,29.1,0
2061.3,1118.9,4.5,74.3,2135.9,1.13,22.7,1
2402.1,1783.5,4.45,69.3,3055.2,2.55,28.4,1
3159.0,1811.2,12.37,67.0,1793.7,1.78,18.8,1
2757.5,1608.8,0.2,72.1,2382.5,1.73,31.4,1
2096.0,1305.8,5.46,69.8,1375.4,6.16,29.0,0
2187.6,1629.8,11.18,81.6,1430.8,5.64,22.6,0
1548.4,809.0,6.37,80.0,2372.8,1.76,34.5,0
2188.0,1431.8,8.26,82.1,2830.2,9.9,20.8,0
2012.4,1337.8,6.3,90.1,2540.9,4.22,30.1,1
2409.8,1523.4,4.0,97.4,646.9,0.97,30.2,1
1662.3,792.2,0.2,76.5,1446.4,1.21,23.0,1
2537.6,1657.2,6.62,88.2,1722.0,5.84,27.8,1
3196.3,1499.8,3.67,70.8,1292.3,9.79,21.5,0
2129.3,1339.0,3.6,89.2,1810.3,5.72,16.6,1
2461.1,1653.6,4.5,87.7,2156.5,9.49,23.7,1
2648.6,1359.5,11.23,87.1,2302.2,4.44,25.5,1
1939.2,1362.3,13.21,76.1,2848.7,4.36,30.6,0
2345.7,1076.9,6.65,67.0,1236.4,5.0,28.3,0
2208.2,1552.7,4.61,58.3,408.8,6.97,28.4,0
2263.5,1331.2,2.47,74.5,1786.6,3.68,23.9,1
1697.5,874.7,7.41,93.4,3007.0,8.64,25.9,0
2215.9,1086.1,11.35,71.3,1118.4,0.29,24.3,0
2523.7,1857.4,5.26,84.4,2049.5,4.4,23.1,1
3143.2,1483.0,0.2,85.1,2056.6,5.11,25.6,1
2823.5,1439.2,8.01,71.6,1653.2,6.07,28.3,0
3599.6,1995.4,8.96,90.8,1505.5,2.76,25.7,1
1701.2,1082.1,1.24,40.1,761.3,4.27,26.7,0
2767.0,1697.4,6.53,60.3,50.0,4.85,30.8,0
2319.2,1131.0,7.35,64.0,610.5,6.87,26.0,0
3623.4,1945.5,5.78,65.2,1187.8,7.74,22.7,1
1674.6,873.5,3.63,79.0,2377.9,7.38,30.3,0
1654.2,850.4,9.05,78.5,1417.5,3.42,29.1,0
1810.4,1038.0,4.79,79.7,1084.8,9.99,29.3,0
819.5,541.8,1.54,82.2,787.2,8.49,30.5,0
1858.3,957.4,0.2,63.6,2025.4,2.6,29.8,0
1706.6,955.7,9.78,60.4,2586.7,1.95,28.1,0
2297.8,1303.5,7.85,79.8,2350.7,3.14,37.6,1
2422.1,1799.5,6.26,67.4,1984.9,4.52,22.9,1
3419.5,2518.1,4.68,56.2,319.5,8.51,25.7,1
2817.8,1944.4,4.41,86.7,1218.7,7.78,31.9,1
1825.0,953.6,2.77,91.7,3057.8,8.51,28.6,1
1616.0,760.2,4.71,93.7,2397.6,2.72,31.0,1
2519.7,1373.4,0.2,77.2,270.0,5.93,28.7,0
1341.8,711.2,3.79,82.5,1455.5,2.83,33.5,0
3390.4,2040.3,5.07,91.4,1790.5,1.09,24.0,1
2966.6,2027.2,7.83,67.3,890.3,6.84,33.4,0
1895.0,1340.7,5.88,88.3,50.0,1.43,32.7,0
1086.5,764.3,8.38,78.3,1579.1,6.68,23.2,0
3080.0,1718.3,10.05,86.0,869.8,6.48,30.5,0
2125.5,1394.7,9.17,77.2,872.9,8.1,27.8,0
3004.6,1634.0,7.41,90.6,1216.3,1.4,25.6,1
1163.6,544.9,6.04,77.7,1393.1,7.83,20.4,0
1810.4,1195.7,3.06,57.2,1492.7,9.99,24.0,0
2203.4,998.0,8.22,92.4,792.8,8.51,30.8,0
2230.5,1277.6,11.04,63.6,1323.8,7.52,31.3,0
1907.5,1046.8,7.03,90.0,94.1,6.62,27.2,0
2604.9,1714.0,11.75,73.9,1748.8,4.22,31.3,1
1506.0,1023.9,1.42,89.1,50.0,7.31,31.8,0
2107.5,1140.6,2.54,88.6,1268.4,7.24,28.6,0
2278.2,1579.9,8.57,80.2,2235.3,6.31,25.1,1
2534.4,1363.9,6.79,81.1,652.5,7.96,29.8,0
2662.5,1554.7,9.94,80.1,2073.1,4.49,29.9,0
1469.0,981.4,5.95,50.8,2424.6,1.21,30.7,0
1202.8,791.3,3.4,76.4,50.0,5.59,31.5,0
3030.5,2261.4,5.36,61.6,1378.9,2.65,22.6,1
2416.0,1250.4,1.4,77.1,50.0,3.84,26.0,0
1713.5,1111.5,2.61,61.3,1405.4,0.17,20.4,0
3208.2,2030.5,8.92,60.8,1494.3,3.83,31.0,1
2275.2,1648.4,8.62,94.3,50.0,8.09,27.2,0
2966.5,1474.1,7.09,87.8,3039.9,5.43,29.7,1
2243.9,1515.8,0.84,75.0,1728.8,0.1,22.1,1
3539.5,2196.2,4.92,77.2,820.8,4.7,33.6,1
3341.0,1778.7,2.33,72.0,2672.3,2.91,23.2,1
2038.2,1207.3,9.53,81.8,63.5,4.78,31.1,0
2831.5,1557.7,4.25,66.9,516.7,4.05,28.5,0
2619.5,1634.0,2.74,86.9,50.0,9.32,27.2,0
3089.6,2214.3,6.09,72.0,2940.8,0.41,26.9,1
1572.8,976.4,4.08,70.0,1765.9,6.84,25.4,0
2645.9,1692.1,10.45,75.3,2027.5,8.51,33.2,1
2888.0,1749.0,3.8,67.9,1740.8,9.59,28.1,1
1056.8,491.8,1.8,78.9,1959.0,1.78,22.9,0
1430.9,743.9,0.2,68.6,1562.5,5.31,26.5,0
874.5,522.6,5.91,80.6,1716.7,0.44,28.5,0
2024.9,1099.7,4.31,89.6,1586.1,4.99,31.6,1
2666.4,1345.3,1.71,66.4,1013.1,1.25,25.6,1
3176.5,1909.9,9.57,73.4,1462.7,8.38,25.8,0
2248.2,1229.4,8.0,80.5,1718.9,1.14,28.1,0
3258.6,1718.7,5.92,69.8,1588.4,5.13,31.5,1
1302.9,767.7,10.09,80.6,317.8,5.21,22.5,0
1092.8,535.5,7.99,81.7,424.0,9.72,30.0,0
2163.9,1576.0,3.53,88.0,2366.3,6.55,26.1,1
2449.6,1740.0,2.88,67.7,1254.4,2.88,26.7,1
2178.7,1443.0,8.45,63.7,1967.8,2.41,36.0,1
856.2,412.6,7.19,71.3,626.3,1.28,27.2,0
2142.1,1462.5,6.51,63.4,321.5,7.57,31.0,0
1352.1,936.2,3.46,81.8,825.1,6.91,30.9,0
2635.3,1792.9,7.82,61.1,1321.9,6.1,23.3,0
2438.3,1180.6,3.73,100.0,967.9,0.41,20.6,1
1589.1,1022.1,5.69,90.6,2535.1,7.63,31.3,0
1866.0,1306.7,10.34,75.2,1643.6,6.42,23.7,0
1511.5,942.0,4.02,85.4,2979.2,9.64,21.3,0
2159.3,1390.4,1.28,55.4,1823.5,5.87,32.1,0
2820.8,1657.3,2.84,100.0,50.0,3.04,23.9,0
1559.3,949.0,8.98,67.9,2344.8,3.82,24.9,0
2527.6,1163.5,6.76,73.6,292.4,1.76,35.9,0
1855.3,1190.5,5.61,52.7,1684.4,7.23,21.4,0
1684.6,799.2,4.47,80.8,880.3,7.08,23.0,0
2130.4,1236.7,7.46,61.7,3214.2,2.01,26.2,1
1527.1,821.3,3.45,76.2,2651.7,1.58,27.0,1
1840.1,1129.2,6.92,68.5,906.5,0.77,24.4,0
1421.4,696.5,3.81,62.1,1398.1,9.12,23.4,0
3477.1,2286.2,3.31,65.3,1695.7,2.33,34.0,1
2222.9,1530.5,4.09,77.7,2190.7,3.44,29.1,1
1745.2,870.9,4.87,59.6,1523.3,2.81,30.3,0
2339.1,1125.8,5.85,66.0,680.1,4.14,27.5,0
2127.0,1050.0,6.71,83.0,926.0,7.14,29.2,0
2056.4,1466.5,0.2,100.0,1496.4,8.71,31.7,0
2599.2,1581.5,3.58,80.7,2487.6,1.83,24.0,1
2692.4,1589.0,4.83,64.0,1842.3,6.86,29.1,1
1855.2,894.2,10.52,70.6,881.3,3.53,30.8,0
1825.7,1177.3,2.76,75.4,2018.7,9.81,34.2,0
2021.2,1435.9,6.49,70.8,1190.4,2.99,35.8,1
703.8,491.5,10.49,85.8,2212.3,0.07,28.3,0
1215.1,775.0,2.06,77.6,3521.6,5.16,32.6,1
3088.5,1459.6,7.18,85.9,1212.9,1.51,17.3,1
3269.2,1581.4,3.59,71.2,2141.3,0.44,34.2,1
2038.1,947.3,4.49,90.9,903.7,6.98,25.1,0
2574.8,1357.5,3.59,73.0,1410.2,7.32,27.0,0
2402.3,1178.8,3.8,63.3,1523.6,4.61,29.8,0
4201.3,2218.3,14.17,100.0,1345.1,6.77,27.4,1
2927.7,1655.7,8.53,53.1,3470.4,5.38,28.8,1
2116.9,1551.4,9.31,66.1,1254.7,6.3,34.4,0
1578.9,999.6,7.48,67.5,1969.5,5.97,26.5,0
1155.8,809.6,1.18,100.0,50.0,6.66,23.7,0
2332.3,1546.5,7.18,96.7,1845.6,2.0,35.3,1
1708.4,826.4,9.22,92.9,2413.6,2.69,30.1,1
1275.5,855.6,3.44,71.0,1077.9,4.4,35.7,0
1779.7,947.8,8.9,100.0,50.0,4.46,31.5,0
1497.0,960.7,8.11,79.4,1469.1,7.74,22.7,0
3296.6,1820.7,11.56,86.7,1513.7,3.67,30.6,1
2773.1,2077.9,4.75,77.2,2079.3,1.63,24.1,1
2194.8,1161.2,2.71,74.4,3108.7,2.51,28.0,1
3162.0,1687.7,4.92,72.0,1196.0,2.15,27.7,1
2250.3,1640.9,10.31,72.5,815.0,7.32,21.5,0
1640.2,750.2,0.51,82.3,566.5,4.7,24.7,0
3190.0,2102.3,0.2,79.4,1658.5,7.09,36.8,1
2550.3,1702.6,6.27,74.6,1883.5,4.16,29.0,1
1525.8,1069.4,4.67,93.1,1063.5,8.9,27.3,0
2076.3,1541.3,6.02,39.4,2122.9,9.84,35.3,0
1630.8,1211.2,8.84,81.1,1872.3,6.7,26.4,0
1301.2,611.0,4.34,83.6,1534.6,8.64,27.6,0
2802.0,1951.7,0.38,88.8,778.1,5.08,32.0,0
3441.1,2215.7,12.13,74.2,1114.5,9.35,26.4,0
1290.9,831.6,3.01,77.5,50.0,8.32,25.0,0
2565.9,1253.5,2.82,86.8,1688.6,9.92,19.0,0
1777.1,1146.3,9.31,92.9,1521.1,6.23,24.3,0
1883.4,1402.6,4.85,71.4,1650.8,7.79,24.2,0
1814.9,1313.2,5.81,78.2,1903.5,5.43,28.6,0
1638.4,953.1,7.45,95.1,1808.7,2.59,25.6,1
2231.5,1030.9,9.25,49.5,1411.7,3.55,36.6,0
1659.9,927.4,5.0,66.7,1538.9,8.94,23.8,0
2375.8,1658.1,10.56,92.6,376.5,0.56,33.6,1
2167.3,1431.4,0.2,88.1,1033.0,5.91,28.9,0
2044.7,1201.9,8.28,81.3,1540.4,3.72,31.2,0
1610.1,751.2,3.48,69.6,911.3,3.87,31.0,0
1825.1,1055.0,10.12,64.4,2188.1,8.85,19.1,0
2691.0,1589.6,6.43,67.9,973.1,8.54,28.0,0
2525.6,1840.1,3.98,93.6,1673.0,5.99,27.0,1
1564.6,1005.0,7.99,67.5,1593.3,2.73,23.5,0
2264.6,1230.8,8.68,76.2,2097.0,4.75,29.8,1
2688.4,1633.5,7.93,66.0,2220.6,4.08,34.9,0
1114.9,523.8,2.91,85.1,2055.2,3.54,17.3,0
2553.2,1893.9,4.55,68.5,50.0,1.03,25.9,1
1769.3,987.3,5.99,73.8,2455.3,5.43,23.0,0
2570.9,1525.5,5.88,54.8,2721.8,3.02,28.3,1
1703.9,948.4,8.25,55.6,1114.3,6.61,26.7,0
1026.8,672.3,0.2,75.1,1689.3,3.19,25.6,0
1142.1,740.8,7.0,59.1,787.3,4.31,30.8,0
2231.3,1482.9,5.13,100.0,50.0,0.52,34.5,1
2368.8,1256.5,3.48,50.3,909.0,9.93,38.6,0
1612.2,878.2,3.77,65.4,1067.9,5.08,25.0,0
2615.1,1275.1,5.36,75.2,1216.1,0.24,20.7,1
1120.0,724.3,0.2,70.6,732.9,5.41,30.2,0
2157.0,996.4,3.9,61.8,913.3,8.7,34.4,0
1412.8,889.1,3.37,63.5,1491.2,7.73,31.3,0
1776.3,1262.8,7.6,63.1,883.8,7.01,34.4,0
2230.8,1600.0,3.58,71.6,1934.8,1.39,27.1,1
1640.7,959.4,5.35,98.4,2045.3,6.58,25.6,0
1950.0,1146.2,10.63,75.9,3404.3,7.66,28.5,1
2854.1,1350.2,8.98,89.2,2400.5,5.72,26.7,1
1825.0,1188.5,8.71,81.1,1694.5,8.93,30.7,0
2743.2,1910.3,4.5,88.4,1003.8,2.77,31.9,1
1465.7,767.1,7.63,41.4,1735.0,2.42,32.2,0
2544.4,1466.6,5.3,71.3,1761.3,8.7,30.0,1
3137.0,2201.1,5.41,90.7,1089.3,6.25,29.0,1
593.4,423.2,7.23,68.1,2127.0,0.01,31.2,0
1682.0,879.6,4.21,96.1,381.5,3.53,20.1,0
2575.1,1584.1,10.48,92.8,1304.5,8.58,28.8,0
2068.0,1050.0,5.52,69.4,1944.7,0.27,28.2,1
2441.2,1173.2,7.86,69.0,1269.9,0.03,28.9,0
1807.4,1307.4,10.37,62.8,1334.6,2.81,27.6,0
2256.3,1570.7,9.09,67.4,1389.8,9.14,29.7,0
2098.8,1423.0,1.77,60.2,831.5,9.01,25.7,0
2959.1,1374.9,7.33,80.1,2439.1,5.19,32.5,1
2365.4,1663.1,8.55,57.5,685.6,5.53,29.9,0
2419.4,1406.7,8.68,82.2,1754.5,3.32,28.6,1
1932.3,1068.0,2.66,82.5,1830.9,2.44,25.2,1
1883.1,1156.1,4.03,55.1,741.1,8.15,31.3,0
1918.8,916.1,8.98,93.6,1558.5,1.06,28.8,1
2456.4,1663.0,3.71,81.2,772.3,4.87,25.0,0
1926.4,1203.5,5.1,84.0,2612.8,6.34,27.8,1
2388.4,1208.5,10.73,65.9,589.0,1.04,30.5,0
3549.0,1797.5,5.86,82.5,976.9,5.2,30.2,1
2766.2,1397.7,3.82,88.5,520.6,5.78,29.9,0
1988.1,928.6,3.37,73.8,413.8,7.42,28.4,0
2980.8,1867.0,7.0,99.0,2773.0,2.35,32.1,1
1934.8,1358.4,2.0,75.5,1934.2,2.93,33.0,1
875.2,398.4,5.26,88.7,1612.2,5.7,30.9,0
1544.7,717.8,7.0,78.5,974.7,9.83,25.7,0
984.0,611.9,9.9,82.0,2226.1,2.17,23.8,0
1971.5,1371.9,8.0,54.9,840.6,9.86,25.8,0
2212.0,1212.2,3.86,79.5,2134.9,7.14,35.8,0
3289.7,1825.4,9.54,66.2,802.0,8.26,29.1,0
2412.5,1517.2,5.1,64.8,984.4,0.9,36.5,1
2057.6,1095.2,2.29,95.9,2106.6,3.0,27.5,1
2739.1,1254.5,5.48,72.4,2191.1,0.58,27.0,1
762.8,511.5,10.31,63.0,1978.0,3.72,27.7,0
2353.1,1500.6,6.5,70.7,660.3,9.81,27.6,0
2701.1,1686.1,6.04,59.4,1142.6,1.05,24.9,1
1238.9,833.2,10.91,92.2,1625.5,5.62,23.4,0
2943.4,1920.8,1.71,66.7,820.6,0.06,30.0,1
2420.0,1238.5,2.14,81.4,2596.8,7.13,32.2,1
1930.1,1072.6,1.15,91.3,50.0,1.97,37.8,1
2611.3,1273.9,7.12,69.0,877.0,1.3,26.3,0
3676.0,1797.4,6.5,81.4,1092.3,3.37,26.6,1
2318.2,1513.5,10.63,62.6,50.0,7.71,24.9,0
2361.3,1670.8,6.73,100.0,383.0,1.07,32.5,1
1901.4,1404.8,4.79,86.2,2000.2,2.3,31.3,1
1647.6,1052.0,6.01,72.7,1524.2,0.08,24.5,0
2739.7,1384.2,6.35,65.7,2758.5,9.68,24.4,0
1643.5,791.7,0.98,73.6,2736.2,5.92,31.8,1
2246.5,1558.8,14.13,70.9,1846.4,7.2,29.5,0
1889.5,1178.4,7.56,98.4,1750.6,6.51,31.0,0
2511.3,1595.9,6.63,60.3,1552.7,1.44,24.5,1
2416.9,1654.2,7.85,76.6,50.0,5.95,20.5,0
2874.4,1899.9,8.13,74.8,384.4,1.31,24.5,1
1868.5,1308.6,5.58,73.6,1580.5,4.01,30.8,0
2024.6,945.2,4.11,73.7,1992.8,5.69,36.4,1
1563.8,1054.4,7.8,73.6,1731.7,5.59,26.3,0
1911.2,1347.9,7.16,85.5,786.0,1.19,37.1,0
2445.2,1310.3,3.57,82.3,2249.9,0.34,31.3,1
2692.0,1728.7,10.26,80.0,2686.0,7.98,22.4,1
1600.6,871.1,6.88,38.6,2250.4,7.26,28.9,0
2765.2,2039.1,8.19,78.6,2291.7,0.82,31.5,1
3081.2,1417.4,10.18,55.1,1052.6,1.27,18.3,0
2468.7,1540.3,6.07,82.8,2360.7,8.93,30.6,1
3419.9,1709.8,6.95,92.7,1616.6,7.69,32.7,1
1697.0,1126.3,8.43,63.9,1909.2,9.96,29.6,0
1391.0,699.3,3.83,71.9,1792.3,2.54,27.8,0
1043.8,543.4,6.16,67.8,1402.8,4.88,27.3,0
3172.4,1898.1,6.38,89.8,812.0,2.36,27.1,1
2625.3,1901.9,3.13,76.1,1434.3,6.23,23.3,1
2163.9,1111.2,12.95,95.7,2289.4,1.15,25.2,1
2382.0,1175.0,1.78,80.0,1146.8,1.27,26.3,1
1468.4,995.1,2.11,77.9,2214.7,0.72,28.5,1
3789.7,2274.5,9.94,75.8,2089.7,6.94,25.8,1
2284.0,1652.6,8.14,84.8,1260.9,4.94,24.5,0
2271.1,1121.9,2.92,54.1,2611.0,6.18,31.0,0
2671.7,1720.0,7.82,76.0,1215.6,8.79,29.5,0
2512.7,1306.2,10.4,74.2,2707.6,7.4,25.8,0
2345.5,1165.8,5.91,83.7,1847.3,4.62,30.0,1
1686.2,1104.5,13.8,72.7,1487.3,9.84,26.2,0
2506.5,1574.3,0.83,62.5,789.8,4.56,28.3,0
3423.3,2315.7,8.08,75.1,1429.4,1.12,31.9,1
3074.5,1669.0,9.5,62.0,1337.0,9.93,25.6,0
3235.6,1890.8,8.67,51.9,493.4,0.23,23.3,1
1867.7,1067.7,5.39,83.7,1325.9,5.5,27.4,0
1556.8,1160.1,5.13,81.9,857.0,3.09,22.5,0
2118.2,1138.9,7.33,80.6,1968.8,5.04,26.9,0
2236.2,1204.1,8.45,90.6,2545.0,5.59,26.9,1
2911.2,1619.7,7.81,67.0,518.5,2.4,18.1,0
1099.9,681.3,9.12,57.8,2869.8,5.57,30.1,0
3194.2,1679.2,2.94,74.2,1397.2,7.56,27.3,0
2097.3,1519.7,5.32,70.8,720.0,2.67,32.7,1
1922.5,1018.4,3.18,64.9,2106.2,3.83,28.9,0
1542.1,1108.4,4.84,74.0,1142.8,2.68,30.9,0
1124.3,540.9,9.05,67.7,1434.6,8.21,32.8,0
2735.1,1769.5,6.32,53.0,1176.6,7.25,27.5,0
2247.7,1623.0,13.82,69.7,846.6,8.71,28.0,0
1361.5,681.6,6.58,61.4,2079.2,1.7,21.7,0
1358.2,1005.7,6.18,77.8,1271.0,0.74,33.0,0
1981.7,1161.0,6.32,67.1,350.7,1.19,27.4,0
3284.9,2410.2,4.09,88.3,1940.8,1.61,24.0,1
2031.3,1326.5,5.83,94.2,535.5,5.33,31.0,0
1223.0,661.0,9.38,83.2,577.4,9.71,19.3,0
2040.3,1033.4,6.34,56.4,2454.1,3.57,26.3,0
2022.7,1094.5,3.62,93.1,542.9,9.59,31.6,0
447.0,213.6,3.22,93.9,50.0,0.38,26.2,0
2164.7,1067.5,4.65,75.2,1998.3,9.27,25.1,0
2049.9,986.8,6.22,90.9,1256.9,1.81,26.3,0
2652.5,1530.2,9.58,68.4,1325.9,9.12,20.0,0
3401.8,2342.7,1.98,52.6,1248.4,0.56,30.9,1
2932.3,1443.9,5.04,65.9,1685.3,9.48,27.5,0
2025.2,990.5,6.43,95.8,897.8,2.01,26.9,0
1480.8,952.2,0.5,57.1,2680.9,3.03,26.9,0
3872.7,1971.8,3.5,75.0,319.0,4.91,28.1,1
2238.5,1072.9,3.96,75.4,1855.9,3.81,30.6,0
2209.1,1104.6,3.61,68.8,2013.7,6.68,27.8,1
2184.3,1588.3,6.58,69.7,892.3,9.75,22.6,0
2328.8,1621.8,5.52,75.9,681.0,6.06,30.3,0
2106.2,1171.5,4.33,68.3,2313.7,7.21,30.0,0
1827.1,1181.7,7.28,57.9,707.3,0.88,28.8,0
1844.5,1127.4,11.17,77.6,1014.7,6.28,32.3,0
2178.7,1423.0,10.92,87.9,2209.8,4.54,28.1,1
1846.8,1209.3,0.23,85.4,1527.8,8.86,32.4,0
1736.7,1109.1,7.73,65.3,62.3,3.88,33.6,0
2269.2,1202.3,5.47,60.0,2897.6,6.79,30.3,0
2034.3,939.2,6.47,71.6,1076.0,2.28,25.0,0
3177.6,1864.2,4.81,93.8,1177.8,2.59,27.5,1
476.9,342.1,6.35,82.7,1704.6,3.76,33.0,0
2909.5,1806.3,6.45,83.4,2000.1,3.04,22.0,1
3010.0,2106.1,4.26,85.7,3068.9,2.54,26.4,1
852.3,637.1,3.31,80.0,171.9,0.5,26.6,0
1977.3,986.8,4.65,76.4,2160.8,8.37,24.5,0
1958.6,1287.8,6.7,82.9,2094.4,0.64,31.5,1
1285.1,838.3,7.8,68.4,1390.3,8.87,29.5,0
1694.4,1260.6,8.56,58.0,2129.8,1.25,25.2,0
1478.1,1102.2,4.52,83.7,2247.4,0.65,30.4,1
3339.0,2190.4,6.85,89.9,394.4,5.63,27.4,1
2808.2,1468.9,8.89,61.6,2899.8,5.02,24.4,1
3026.5,2087.0,9.5,84.9,253.0,4.91,25.1,0
2669.1,1286.8,5.82,95.2,591.7,5.75,29.7,0
1466.1,1003.1,5.34,75.0,1290.6,2.87,31.8,0
1859.1,1344.2,6.57,65.2,3040.0,6.63,26.1,0
2518.1,1422.3,2.55,76.5,1253.4,5.02,30.2,0
1405.6,898.5,5.42,68.4,1474.5,3.35,34.3,0
2663.4,1542.3,8.23,67.6,2645.7,8.27,23.0,1
2043.8,1188.1,7.93,80.2,1259.7,7.28,29.4,0
1956.4,1062.5,5.19,55.8,557.3,3.94,31.3,0
2662.1,1806.6,6.65,57.7,1166.2,8.48,27.6,0
2488.8,1818.9,3.53,75.2,2596.6,9.2,33.0,1
1965.4,1439.1,8.11,74.7,1556.7,5.37,36.8,0
2953.6,1484.0,5.77,79.1,3044.5,2.15,29.4,1
1497.3,1066.7,5.17,97.5,2090.3,9.16,27.1,0
2600.4,1745.4,4.91,76.3,984.2,1.89,31.9,1
2585.5,1359.6,5.81,82.2,1540.9,0.48,31.4,1
1998.8,939.8,4.66,63.3,817.4,3.27,17.9,0
2412.0,1279.3,7.97,84.2,965.3,7.27,28.0,0
1386.8,1003.6,4.81,68.7,5083.3,9.23,26.4,1
2800.6,1792.3,10.78,75.9,2314.9,6.37,29.6,1
2079.8,1385.8,10.4,73.7,2188.9,9.52,27.2,0
1860.2,980.6,3.33,87.4,1001.5,0.92,27.7,0
2881.9,1918.8,6.21,59.3,2755.7,0.61,24.5,1
1742.2,798.7,4.05,47.6,2379.5,6.04,30.9,0
1284.5,722.7,5.02,72.4,3005.3,9.66,34.6,0
1188.2,758.1,12.01,80.6,2966.5,5.03,24.6,0
2593.9,1280.9,5.08,76.8,316.7,0.52,22.4,0
1367.7,953.2,7.08,89.8,612.1,2.21,28.1,0
3340.6,1738.8,7.62,80.2,697.0,2.45,27.9,0
846.7,546.7,3.0,68.2,744.8,3.38,32.7,0
3302.7,1887.7,3.43,47.1,1758.8,0.44,23.1,1
2337.2,1469.6,2.38,72.2,1046.6,9.05,25.8,0
2137.1,1030.6,3.34,87.3,3158.1,5.16,19.4,1
1845.8,840.0,0.2,70.3,3023.7,6.71,33.5,1
2459.4,1777.9,7.63,75.3,1494.8,0.67,29.0,1
2175.5,1155.0,12.16,80.1,3064.3,0.54,26.1,1
2917.1,2030.1,6.44,62.8,2690.5,5.86,22.7,1
2274.2,1705.2,1.75,82.5,1139.4,8.87,23.1,0
2297.7,1179.7,4.07,94.6,50.0,5.28,29.7,0
1963.7,1039.9,4.62,72.9,1325.6,8.78,23.6,0
2163.0,1403.5,2.95,61.5,984.3,8.11,28.4,0
2400.1,1775.2,8.58,74.2,1665.2,0.76,36.2,1
1088.4,788.8,8.43,48.3,1571.4,2.02,26.6,0
1323.7,795.3,2.53,79.0,1550.4,6.58,24.2,0
2683.1,1847.4,8.18,80.4,1918.9,4.44,29.5,1
2311.1,1134.1,10.58,95.1,530.0,2.91,23.1,0
2080.4,1546.2,11.71,72.7,1829.1,4.19,34.9,0
2212.0,1635.3,14.6,79.9,1148.3,4.45,33.6,0
2425.9,1210.8,3.29,64.7,1660.0,9.11,27.3,0
1849.2,998.2,14.47,70.7,2265.9,1.03,24.4,0
1694.1,813.2,4.94,56.7,520.5,2.8,26.3,0
2327.3,1237.0,4.22,72.7,1275.0,5.38,26.8,0
1564.1,1086.7,6.98,71.3,1405.2,6.98,29.5,0
2465.4,1389.2,4.25,78.6,1088.6,6.31,32.2,0
1093.3,521.0,7.2,67.5,2219.9,9.42,23.9,0
2869.0,1585.6,2.04,76.0,923.7,7.96,32.0,0
2507.2,1866.4,5.28,71.0,1055.7,5.57,30.5,0
2366.4,1511.9,9.86,71.0,932.1,2.15,26.0,0
2838.7,1631.9,5.83,76.0,2373.6,4.51,23.7,1
3282.6,1641.2,6.42,75.5,1106.0,6.93,28.5,0
2859.3,2132.6,7.43,84.1,1868.0,8.38,23.8,1
1003.4,698.6,9.51,73.6,3080.6,9.6,32.1,0
1368.3,731.3,1.03,70.8,1440.1,6.05,23.5,0
1793.9,844.9,7.75,72.8,2389.6,5.27,30.2,0
2217.0,1035.3,5.2,66.4,2837.1,0.18,27.7,1
2536.5,1233.0,6.5,70.7,2321.8,0.72,25.8,1
1728.3,1078.8,9.18,99.4,1486.6,1.56,27.6,0
2321.4,1691.4,2.42,64.0,2013.7,0.55,32.3,1
1709.0,1023.7,2.96,71.7,470.1,4.01,23.2,0
1802.5,1267.0,0.2,70.4,876.0,3.37,26.4,0
1285.7,750.5,4.35,72.0,1016.3,6.37,25.0,0
1599.9,1060.1,9.99,71.0,3292.5,5.36,27.8,0
1321.4,884.8,5.64,78.4,849.9,5.96,25.3,0
1565.7,786.3,1.98,54.5,838.0,4.72,20.9,0
2884.9,1610.8,4.54,87.4,664.9,2.78,23.8,0
1582.9,1014.9,1.54,82.6,1947.8,9.53,34.6,0
3911.0,1842.9,2.62,60.1,1614.1,0.86,29.0,1
2520.7,1407.7,7.17,47.8,2369.4,9.39,28.8,0
2320.1,1416.3,2.48,63.3,2037.0,3.11,26.9,1
1642.1,1229.7,9.34,72.1,395.7,5.13,27.8,0
2655.2,1572.8,5.79,100.0,854.2,1.09,26.3,1
1825.8,1268.6,6.26,81.5,2592.3,0.71,30.1,1
2279.3,1321.1,5.16,53.3,1337.4,4.3,28.4,0
3864.1,2662.0,8.32,66.7,2450.1,7.42,23.3,1
2137.6,1343.7,8.35,74.4,1380.3,2.69,29.0,0
2947.0,2110.0,7.01,78.0,725.9,5.62,18.2,0
1742.9,999.2,7.69,59.2,1257.4,2.79,29.7,0
2177.3,1374.5,5.36,73.4,725.6,3.89,22.4,0
3351.0,2141.3,7.63,66.4,1047.6,9.06,27.6,0
1792.5,1031.1,4.99,61.8,1660.7,8.56,23.2,0
3378.1,1666.4,6.01,78.1,1909.3,5.16,28.0,1
2660.0,1271.7,5.18,84.3,227.8,2.38,30.3,0
1834.4,834.7,4.63,85.1,1486.1,1.93,34.0,0
2611.1,1859.2,3.93,81.9,1030.7,9.54,21.8,0
2832.2,1475.4,7.4,69.0,981.3,2.03,31.9,1
2604.2,1337.1,9.93,83.6,1606.1,8.08,28.5,0
1179.4,791.1,9.51,78.7,1059.6,3.69,26.2,0
1727.4,943.1,2.23,76.6,2605.7,9.86,31.0,0
2039.1,1227.2,9.87,67.7,2450.4,3.68,27.1,1
2151.6,1073.1,5.05,69.0,2445.5,3.52,30.9,1
2603.4,1921.1,7.8,75.9,1104.1,6.37,24.0,0
2315.5,1633.5,3.28,100.0,730.0,9.62,25.5,0
1332.0,944.6,6.43,78.6,1565.6,9.76,31.8,0
2447.1,1399.8,6.94,67.7,1379.7,7.07,33.9,0
2596.9,1762.5,1.55,65.0,1012.9,7.55,27.9,0
2563.9,1264.4,7.82,69.1,559.4,5.63,16.9,0
2902.5,1313.6,10.04,100.0,1466.8,7.56,27.2,0
2742.0,1250.4,5.48,70.2,1176.7,8.6,28.1,0
2498.5,1564.0,10.08,85.9,2050.7,4.86,27.1,1
2154.4,1263.8,5.43,70.5,2032.1,6.2,29.3,0
1120.4,678.3,8.55,78.1,2380.6,5.37,26.1,0
2479.3,1121.2,0.2,84.5,492.6,5.62,31.4,0
2335.0,1346.8,13.26,68.1,1820.8,8.9,23.3,0
2376.5,1581.4,10.49,67.3,918.0,3.56,32.9,0
1370.1,798.5,5.15,94.9,523.7,2.08,34.2,0
1497.3,1002.7,0.2,86.8,1157.1,4.56,24.3,0
2884.5,1499.7,6.86,84.5,2355.0,2.08,24.3,1
2174.3,1508.8,1.67,84.4,1202.1,4.98,29.6,1
2643.0,1655.9,7.33,80.5,2752.4,9.04,23.3,0
2218.4,1138.6,7.23,99.2,1939.1,6.17,26.0,0
2219.3,1156.3,3.18,75.5,1184.7,8.55,32.4,0
2809.9,1793.9,9.36,81.9,2428.0,1.66,31.0,1
1864.6,1303.3,8.42,57.6,1856.3,9.01,35.9,0
2262.5,1300.2,8.93,65.1,754.0,6.02,28.7,0
1899.5,1002.0,6.03,60.6,2987.0,0.32,25.6,1
1917.6,1361.7,1.75,90.3,1707.6,6.33,28.2,0
1999.0,1300.9,8.93,44.4,1515.0,9.51,27.4,0
2344.4,1370.1,5.19,70.2,815.6,0.79,27.5,1
1888.8,1126.4,1.83,39.1,2443.6,5.82,27.9,0
3016.2,1542.1,10.06,65.0,1913.8,9.15,24.3,0
1618.5,1032.7,12.3,69.1,2003.4,0.1,29.1,0
2078.5,1159.0,5.88,91.6,1094.0,6.31,22.4,0
1914.2,1433.1,12.48,79.8,2167.3,4.75,25.1,0
3140.5,1865.7,6.27,65.0,2229.5,3.47,27.5,1
2327.8,1386.8,4.86,87.8,965.0,6.28,19.0,0
2870.7,1779.1,4.11,75.2,366.4,0.53,31.1,1
1234.4,895.0,10.91,75.5,1965.1,7.53,19.8,0
2373.6,1638.4,3.66,60.6,241.3,0.04,30.7,1
2778.3,1626.2,8.21,63.1,1621.6,3.07,22.8,0
2253.5,1499.9,4.32,65.1,1142.2,5.04,26.4,0
2892.6,1810.4,4.62,75.6,2474.9,3.77,30.1,1
1863.8,1114.0,9.09,75.9,1185.7,3.07,36.8,0
3116.1,1582.0,4.86,93.5,2385.8,8.31,28.5,1
3694.3,2176.6,4.79,79.6,1088.6,9.35,20.1,1
1964.2,1028.7,9.4,42.5,2300.0,8.74,31.8,0
1910.4,1384.0,10.79,78.2,3148.3,5.22,27.1,0
3144.7,1731.5,7.93,57.6,645.6,8.84,28.3,0
3226.7,2373.8,4.04,63.4,1733.6,9.21,30.2,1
1860.1,1134.5,4.47,65.3,3699.0,4.09,19.1,1
1926.9,1232.2,6.24,67.0,1553.3,2.83,28.0,0
2016.8,1236.1,6.96,58.5,1549.4,0.98,26.4,0
1326.1,648.2,3.04,77.4,2130.8,4.79,32.9,0
1602.9,902.0,8.17,58.1,1532.9,9.46,30.9,0
1547.3,742.3,6.26,79.3,134.2,5.61,21.5,0
1700.9,1083.3,0.85,100.0,2405.8,6.68,33.1,1
2177.5,1271.8,3.21,59.0,50.0,1.13,29.8,0
2352.2,1607.5,4.49,71.6,1166.6,1.44,21.8,1
3207.8,1655.7,5.78,44.7,2465.9,4.64,28.2,0
1551.1,774.6,11.67,71.4,1214.8,9.51,32.1,0
2839.8,1624.1,6.71,82.7,945.0,3.61,23.1,1
2060.9,1500.3,3.48,83.6,2203.4,8.77,33.5,0
2167.8,1437.6,6.66,75.9,819.1,1.2,21.9,0
2638.6,1519.0,4.94,85.7,522.2,6.17,24.8,0
1470.2,889.8,6.97,100.0,1719.6,6.01,24.2,0
2448.6,1163.7,7.74,95.5,1353.7,8.6,33.5,0
2308.2,1720.5,9.63,68.7,505.1,0.03,26.0,1
2520.1,1637.9,5.93,57.6,2009.6,1.9,23.3,1
2388.0,1279.0,10.92,70.1,1871.6,2.2,29.8,0
3795.9,2375.3,8.72,63.6,1212.2,9.5,30.6,0
1785.5,862.1,3.88,80.4,1266.9,1.54,30.7,0
1854.9,1372.1,12.63,60.8,1876.3,0.37,26.9,0
1795.0,901.9,6.98,74.1,2452.3,5.34,29.0,0
1838.9,1185.0,3.49,85.1,1273.8,5.29,25.4,0
1785.7,935.1,10.96,73.8,2023.8,8.44,34.7,0
2972.9,1977.8,12.23,63.6,1952.2,9.49,32.6,0
3123.3,2133.4,5.9,89.1,2203.4,5.39,32.3,1
1829.0,1192.6,4.49,52.5,1531.4,9.3,31.2,0
1659.0,1052.4,5.48,71.1,770.1,7.25,30.1,0
2506.4,1799.0,8.14,74.5,1130.0,2.65,23.0,0
1841.1,871.9,9.83,75.2,1774.3,9.28,30.5,0
2611.4,1434.4,7.71,77.2,2954.8,6.67,28.5,1
2331.9,1223.0,6.31,82.3,1112.8,4.14,33.1,0
1214.8,906.7,10.49,74.6,2143.8,6.8,31.2,0
3205.9,1817.1,5.06,70.6,1237.6,4.01,30.2,1
3367.3,2255.4,9.09,70.1,1588.4,1.14,21.3,1
1801.7,1180.9,5.14,67.7,2712.3,7.19,27.6,0
1948.0,1000.5,7.29,84.5,2111.4,8.24,25.8,0
2385.8,1244.7,5.66,67.2,507.0,7.29,29.0,0
2417.4,1291.8,5.83,85.2,1042.0,2.29,26.3,0
2628.1,1506.8,4.87,75.2,2505.0,9.57,26.9,0
3506.6,1824.5,10.03,68.7,1613.5,0.25,29.8,1
2085.0,950.5,3.8,82.4,580.9,3.33,26.3,0
1681.1,1200.0,3.78,66.3,844.8,2.6,28.5,0
1303.4,964.1,12.36,82.7,2062.8,0.48,21.9,0
1724.9,953.0,8.93,77.6,2295.5,4.06,24.7,0
2178.5,1201.5,0.2,67.8,1514.3,6.23,30.6,1
3366.5,1522.1,4.3,81.3,3480.3,8.83,23.1,1
1863.6,1218.9,0.56,81.6,2159.3,9.9,33.0,0
2345.5,1636.3,3.15,88.9,1305.2,8.08,31.9,0
2189.3,1081.5,0.2,86.6,847.4,4.69,26.9,1
2972.5,1480.0,5.59,80.9,720.1,7.24,40.0,1
3842.5,2639.9,2.57,61.5,1768.3,8.44,33.0,1
1854.9,1177.7,6.18,100.0,1109.0,4.65,24.2,0
1881.9,872.2,1.12,58.2,2839.0,7.85,31.0,0
2878.7,1833.1,6.25,86.4,2673.0,4.83,28.3,1
2643.2,1434.4,4.76,80.2,2006.5,3.86,24.9,0
3400.4,1906.3,10.51,60.9,556.8,5.26,23.7,0
2579.6,1756.5,10.23,73.5,962.2,6.76,32.0,0
1966.5,1363.3,8.36,74.1,2504.5,7.27,25.6,0
2583.9,1473.1,5.02,90.7,1049.5,3.57,27.6,1
2920.7,2144.2,11.96,66.4,2397.7,5.71,24.3,1
2733.3,1563.3,1.34,71.9,1879.7,9.1,25.0,1
2529.7,1724.1,1.79,47.0,1541.4,9.76,27.5,0
2893.3,1722.0,5.75,95.8,937.7,2.27,29.6,1
2960.0,2129.0,12.76,62.2,1424.6,1.93,17.6,0
3098.4,2238.1,5.39,78.9,1651.7,6.77,28.1,1
2621.7,1248.5,5.45,73.8,2326.0,4.15,25.0,1
2091.4,1528.7,1.67,73.8,791.4,0.24,33.6,1
2295.4,1601.4,8.84,84.7,1289.7,3.47,39.8,1
2984.2,2051.3,8.86,95.1,1535.9,8.07,26.6,1
1669.0,851.6,8.37,78.0,2030.1,7.97,21.1,0
2439.6,1687.1,4.11,82.9,773.2,4.95,28.5,1
1944.3,1370.8,3.88,78.9,446.7,4.73,27.2,0
2218.7,1190.9,2.12,87.2,2039.2,5.8,35.9,1
3031.0,2229.8,6.25,69.4,285.6,2.19,34.7,1
2324.2,1080.7,2.76,87.9,2528.0,5.26,31.5,1
2230.2,1103.9,2.47,88.3,1375.3,0.11,25.7,1
1316.1,804.5,4.73,88.0,262.0,4.76,30.7,0
2685.1,1672.1,4.53,67.1,1115.7,3.36,29.1,1
2619.6,1685.8,4.39,73.0,1803.3,6.75,29.0,1
3606.1,1641.1,7.4,77.9,1073.8,6.38,21.8,1
1999.9,1476.2,6.24,58.5,1516.0,3.81,32.2,0
2342.4,1085.4,5.14,94.1,2092.1,0.07,28.4,1
2362.1,1164.3,6.55,74.9,1338.2,2.52,27.6,0
3225.3,1465.0,3.03,78.4,750.4,6.33,25.6,0
2138.1,1325.7,6.32,68.1,1260.8,0.72,24.8,0
2381.4,1737.6,6.45,59.1,2631.9,1.08,29.3,1
2595.1,1686.3,1.49,67.8,2848.1,6.47,21.0,1
2321.3,1617.5,8.99,77.6,50.0,7.56,31.2,0
1909.8,867.0,3.36,83.1,2372.8,3.22,23.8,0
2326.2,1425.0,6.27,76.9,1700.1,4.9,19.8,0
2897.9,1703.6,9.49,79.2,2239.2,9.46,35.3,1
1532.8,919.2,8.78,71.0,1059.6,9.46,24.6,0
2286.4,1078.4,6.1,81.0,85.4,3.08,25.1,0
1744.9,1143.5,4.91,92.8,1967.6,8.1,32.5,0
2976.8,1788.9,8.84,83.5,747.2,5.94,35.4,0
1209.9,822.2,8.02,84.7,389.4,9.75,21.9,0
1836.7,1093.9,4.14,78.5,445.3,4.78,24.2,0
2445.2,1209.9,3.62,57.0,1980.7,7.75,24.5,0
3217.6,2073.7,0.2,62.5,1611.6,7.68,31.7,1
2157.3,1082.3,6.46,80.5,2126.0,4.97,34.6,0
1839.1,1308.9,5.75,74.9,2035.3,7.96,23.7,0
3422.8,2169.8,9.41,80.3,1163.3,2.61,33.7,1
1258.8,625.8,7.08,95.1,1443.6,1.22,25.2,0
770.8,569.4,10.0,83.7,1090.8,4.25,29.3,0
2486.0,1505.3,3.91,90.1,1331.7,9.44,22.9,0
1873.7,884.1,9.41,76.1,726.2,5.01,27.5,0
1536.2,980.2,4.41,65.3,1812.4,6.35,27.6,0
2660.4,1399.3,8.33,74.3,2360.1,6.24,26.7,0
2358.5,1630.0,1.62,65.3,846.7,1.33,29.5,1
1833.3,1274.8,6.71,93.7,2525.0,3.9,24.0,1
1367.8,1017.2,0.2,84.5,1590.8,7.07,24.5,0
2767.1,1661.8,5.2,81.2,1692.9,9.72,29.8,0
2622.6,1538.1,7.32,89.8,140.5,1.68,33.4,1
2135.5,1443.7,4.44,50.8,54.2,4.1,27.9,0
3400.3,1665.3,2.85,82.1,1615.3,0.95,30.0,1
1504.4,923.8,8.54,59.3,2131.8,2.42,31.0,0
1208.4,741.8,5.69,74.9,962.9,3.77,31.3,0
1750.3,834.6,4.53,71.3,2836.1,5.41,24.2,0
2170.4,1248.8,6.13,82.9,2087.9,2.31,24.9,1
2358.2,1664.8,13.91,77.7,773.3,2.28,25.2,0
2043.2,1444.2,9.46,91.1,1524.7,7.78,35.7,0
2428.8,1165.3,9.49,67.8,3481.5,9.63,30.0,0
1386.5,661.7,7.31,83.5,505.9,3.24,29.9,0
3138.4,1659.6,6.5,76.9,1922.6,6.88,29.5,0
2146.6,1529.3,0.2,55.4,1241.8,2.58,22.7,1
2926.2,1430.0,3.96,64.0,2065.5,9.28,35.8,1
2422.8,1613.6,4.56,73.2,2513.8,6.73,29.9,1
2496.9,1199.4,0.38,88.3,1191.0,8.03,30.9,0
2570.3,1637.2,2.53,80.6,2395.1,0.49,20.9,1
2491.0,1387.0,0.2,61.0,3277.0,5.99,31.1,1
2617.8,1797.6,5.89,73.3,1553.0,5.28,26.6,0
3063.9,1593.6,8.46,99.2,2127.9,2.93,22.7,1
2327.7,1493.9,9.32,76.3,1027.6,2.62,24.2,0
2660.9,1385.5,7.24,71.1,1515.4,5.8,22.9,1
2141.7,1422.3,3.11,80.9,1358.7,7.06,22.9,0
3136.1,2233.2,0.2,84.2,2137.5,0.33,28.2,1
1760.3,859.1,0.73,69.5,2463.7,5.67,26.5,0
3370.6,2393.1,2.19,81.0,1412.3,1.7,29.3,1
2173.9,1365.4,3.33,71.1,2726.9,1.4,34.7,1
1270.0,619.9,5.52,83.6,2724.0,6.23,27.5,0
2283.3,1320.3,2.96,77.0,2177.5,3.11,19.0,1
1757.3,875.6,7.02,80.8,1087.2,4.41,27.0,0
2746.4,1812.9,5.3,65.9,1010.5,3.6,32.8,1
1775.8,1203.4,6.03,65.1,850.1,6.48,27.7,0
1910.0,920.1,9.42,86.3,2259.3,4.7,34.1,0
971.8,584.9,2.46,74.0,530.6,9.63,29.8,0
1906.0,1323.5,7.26,78.4,2041.5,3.52,20.6,1
624.5,456.4,5.96,71.3,635.1,7.4,28.4,0
1170.5,707.0,5.0,85.8,2158.8,2.57,29.2,0
2694.3,1980.5,8.66,67.7,1513.8,5.09,32.3,1
2710.8,1655.5,8.64,73.4,2566.9,5.53,35.3,1
2476.5,1407.3,3.16,84.4,2413.2,3.29,31.6,1
1571.5,1107.0,5.45,89.1,2648.1,4.72,29.8,1
2169.0,1296.8,6.84,68.7,2668.7,2.79,30.7,1
2197.7,1300.1,5.18,98.5,1614.9,0.06,27.3,1
1447.1,864.0,7.76,78.8,573.0,2.16,22.1,0
3177.2,2236.9,6.84,62.5,658.0,7.0,28.2,0
2770.3,1938.0,11.5,79.4,50.0,7.71,29.5,0
2056.4,1174.3,1.41,70.4,633.1,2.8,23.2,0
2217.5,1219.6,5.63,80.2,1555.1,4.08,33.3,1
2335.4,1395.6,3.27,74.5,1052.3,0.37,32.0,1
872.9,542.8,7.81,75.9,1355.9,2.37,22.5,0
2039.3,1063.5,1.15,64.1,1894.2,7.79,33.5,0
1756.7,1208.9,7.04,86.9,1256.7,6.06,26.8,0
1548.9,923.1,4.11,61.1,602.5,2.06,24.9,0
2017.3,1109.9,3.8,61.7,1457.4,2.57,32.3,0
3368.5,1623.8,1.66,79.4,781.2,8.17,27.8,1
2616.5,1364.9,4.6,94.2,1283.4,2.09,35.6,1
1828.7,1343.7,9.25,70.8,2574.2,3.34,24.6,1
2572.2,1392.9,5.92,83.4,1283.6,6.64,21.1,0
3109.6,1556.8,7.88,87.9,2916.8,5.61,26.9,1
2801.0,1647.6,10.99,84.8,2645.3,4.61,31.2,1
2238.8,1213.7,6.79,71.3,1036.6,9.0,24.3,0
1779.5,819.5,4.32,61.9,611.1,2.2,22.7,0
2653.8,1451.5,7.4,48.5,1458.0,7.41,28.9,0
2455.8,1506.0,4.37,71.8,2422.7,1.59,22.1,1
2781.9,1712.3,4.49,89.1,1107.8,6.16,29.2,1
2612.9,1455.3,1.44,61.5,2226.5,8.71,26.6,0
2882.2,1683.8,8.78,83.4,2466.8,4.58,30.0,1
1852.1,1369.9,4.84,63.6,880.8,7.24,22.5,0
3056.3,1721.3,6.55,76.3,959.2,8.2,33.2,0
2328.4,1228.2,2.89,83.5,2070.1,1.36,27.3,1
3548.9,1856.2,7.31,67.1,1621.5,7.06,31.1,1
1752.0,1029.0,3.71,77.0,951.2,9.2,31.8,0
3328.4,2256.2,5.57,70.0,1218.3,5.76,23.4,1
2328.6,1191.8,8.63,83.5,1443.6,1.86,31.5,0
1776.6,1177.5,8.37,77.8,248.1,1.27,22.3,0
1885.5,860.4,5.93,75.7,2112.5,2.6,22.5,1
1991.8,1146.6,0.7,93.7,1117.0,1.04,35.9,1
2475.7,1690.3,14.98,82.9,50.0,5.13,32.4,0
2539.8,1401.0,11.24,66.7,1480.9,0.7,36.3,1
1827.1,1131.2,8.17,74.0,906.7,2.23,26.5,0
2184.2,1117.2,3.74,74.1,2851.1,4.4,28.4,1
3592.5,2416.3,5.66,76.0,1031.6,4.74,30.1,1
3322.9,1547.4,4.37,100.0,621.9,5.65,28.0,1
2483.6,1752.8,9.79,79.5,1906.3,7.06,25.0,0
2224.7,1133.4,6.79,50.6,971.6,0.47,24.4,0
2278.0,1622.7,3.65,68.5,876.4,0.81,28.9,1
2598.8,1444.3,4.59,51.8,1907.6,0.61,23.7,1
1535.2,1023.7,9.36,71.0,667.6,4.23,23.6,0
2032.7,1109.4,10.8,51.2,334.2,0.42,29.6,0
1115.4,805.1,10.58,64.5,2880.8,7.46,27.6,0
2459.5,1200.2,8.27,56.8,1963.6,2.23,31.7,0
2620.7,1319.7,5.24,79.6,1288.6,9.39,26.3,0
1885.9,1127.6,0.2,75.0,1497.2,4.86,25.7,0
3223.1,1529.6,6.89,78.6,1904.7,4.46,29.7,1
1403.3,714.0,5.99,73.7,2278.7,7.81,24.8,0
1248.2,915.1,6.42,58.3,895.2,7.13,25.4,0
2345.9,1742.9,6.16,81.2,1792.9,6.07,25.5,0
2880.6,1621.4,2.02,98.1,1094.6,9.35,27.2,0
3294.6,2395.1,7.67,79.9,1348.8,4.22,35.1,1
1901.7,1166.6,7.9,69.9,1628.6,8.09,22.5,0
2901.1,1540.3,8.05,57.9,1494.7,3.8,33.2,1
2175.0,1437.0,8.84,64.1,2088.5,8.38,31.0,0
2087.8,1352.2,7.81,80.4,1889.7,2.59,34.3,0
2774.4,2071.7,4.77,87.9,293.5,2.89,40.5,1
2624.0,1389.5,5.79,78.1,413.7,6.78,33.7,0
1175.3,765.9,6.27,84.6,1204.2,2.13,31.7,0
3159.8,1471.2,6.32,83.5,2962.9,2.29,22.8,1
3097.1,1499.3,8.99,81.1,818.7,3.05,23.3,0
1793.4,809.1,7.93,67.1,1333.4,6.79,29.4,0
2457.3,1842.6,12.23,77.1,1070.9,8.89,21.2,0
2521.1,1741.3,12.62,64.8,1056.8,6.75,30.5,0
2369.4,1625.5,6.24,75.2,1642.6,8.28,19.5,0
1842.3,1110.8,0.2,79.0,2620.6,5.44,32.6,1
1763.4,952.3,9.71,95.1,1864.8,0.69,26.7,0
2183.4,1081.6,4.38,59.3,857.2,1.0,28.5,0
2962.3,1586.0,3.6,80.8,3702.6,5.54,25.0,1
2553.3,1437.0,4.8,92.8,1562.9,3.28,20.4,1
1959.1,1326.1,4.66,84.1,1038.2,2.21,32.9,1
2701.6,1653.1,7.84,85.0,2629.7,4.66,33.3,1
400.0,189.3,1.32,82.1,1124.7,6.66,26.6,0
2946.7,1342.0,2.77,90.6,2830.3,3.85,30.6,1
1069.2,514.0,7.03,62.0,803.5,8.03,26.4,0
1964.4,1125.9,7.87,58.4,2644.0,7.39,29.2,0
1472.2,1074.7,7.92,74.9,1660.8,7.35,31.0,0
1358.5,871.1,3.64,49.1,2532.8,9.85,30.2,0
2954.5,2040.2,3.07,89.8,3021.4,2.95,33.4,1
1896.0,1118.5,4.48,89.6,593.9,6.45,30.1,0
2425.2,1354.5,6.72,69.8,2520.6,8.55,28.1,0
2169.5,1046.8,10.46,70.6,372.9,5.8,25.0,0
2510.1,1789.1,0.2,74.1,662.3,7.9,26.1,0
2249.9,1541.1,5.34,75.6,857.3,4.14,31.2,0
1366.1,683.6,2.0,76.5,1902.9,5.9,22.0,0
2847.6,1719.0,1.04,81.7,1526.4,0.56,32.4,1
1879.1,1120.3,8.9,72.9,1366.3,9.86,26.9,0
1188.2,757.5,7.63,86.3,1617.0,8.0,24.7,0
1921.7,1410.3,7.35,80.4,1973.0,8.69,23.6,0
3175.5,1981.3,8.76,67.7,2034.6,6.94,30.7,1
2752.6,1684.8,4.56,91.0,2375.3,1.86,27.9,1
1973.4,917.8,4.7,58.7,2956.0,0.31,34.4,1
1973.0,925.1,12.56,73.9,1482.9,8.65,22.9,0
1990.9,1007.8,5.26,86.6,1083.1,3.96,25.7,0
3549.9,1632.0,8.21,66.3,1990.8,2.64,27.6,1
2448.3,1647.7,6.02,78.7,584.6,5.62,25.0,0
2479.5,1653.8,0.46,81.5,957.0,4.21,28.0,1
2869.7,1408.5,0.2,64.7,2299.5,6.52,29.3,1
2355.2,1650.6,4.26,74.1,1400.7,4.84,29.9,0
2031.6,1008.6,9.17,73.1,533.4,6.97,34.0,0
2072.4,1119.8,8.36,68.4,308.2,8.53,22.8,0
2153.5,1129.9,8.74,100.0,1539.0,1.96,29.4,1
2175.8,1222.1,3.04,65.8,2413.5,3.29,25.4,1
2673.0,1407.0,10.85,87.1,2402.8,4.37,29.7,1
2233.8,1332.9,3.11,70.3,1588.7,9.62,29.7,0
2676.2,1531.4,6.64,62.0,3107.1,3.65,24.1,1
2147.5,1602.0,5.97,76.2,1416.1,3.81,24.4,0
2251.1,1050.8,5.48,82.8,1389.1,6.53,30.0,0
901.2,444.0,10.02,86.0,50.0,4.19,28.1,0
2795.6,1302.3,3.88,93.7,1142.1,9.51,27.1,0
2425.2,1546.7,1.95,100.0,2181.6,8.94,30.6,1
2848.7,1328.5,6.06,78.0,2751.2,5.13,30.9,1
400.0,280.4,4.8,67.0,835.8,6.45,25.9,0
3557.4,2147.2,15.0,80.4,1869.8,0.58,24.6,1
2109.3,1282.6,8.03,71.8,2337.5,6.96,23.0,0
2920.3,1806.2,4.77,86.1,1509.0,7.07,28.1,1
1524.1,763.9,2.83,59.4,50.0,3.59,22.3,0
2598.3,1323.3,0.36,100.0,1697.8,2.2,28.4,1
1515.3,826.8,2.92,85.3,2109.1,9.15,32.9,0
1794.6,1127.1,6.34,54.8,742.1,4.27,26.6,0
3444.1,1767.0,10.28,66.5,1296.7,6.54,25.9,0
2076.1,1006.7,9.37,84.8,575.6,0.33,36.0,0
2341.3,1735.0,6.69,89.1,50.0,4.14,34.0,0
2765.5,1262.7,5.03,59.7,2321.6,8.17,24.9,0
2522.2,1742.4,6.81,83.6,1497.0,3.88,28.6,1
2297.8,1577.2,4.44,51.6,2778.1,6.03,29.3,1
2437.2,1314.1,11.16,73.9,2185.9,2.1,28.8,1
3762.2,1846.1,5.43,88.3,1216.6,4.17,35.3,1
2162.5,1067.6,5.74,68.4,1433.5,9.28,28.3,0
2330.7,1536.5,0.2,56.9,1952.9,5.66,28.9,1
2882.9,1853.3,5.41,76.8,2273.5,9.02,30.8,0
2918.6,1998.7,8.51,67.7,1758.1,9.02,32.8,0
2971.6,2172.9,2.8,82.6,2384.5,9.44,31.7,1
2615.2,1719.7,3.75,64.4,1262.7,8.95,30.2,0
1457.0,723.8,8.38,65.7,702.3,0.03,21.8,0
3261.7,1706.0,1.57,50.7,1448.2,9.34,26.0,0
1454.9,1022.3,9.17,77.0,1664.1,1.37,31.3,0
2396.7,1229.0,4.4,73.1,538.8,0.4,29.0,0
1709.7,806.6,4.83,60.7,430.6,0.55,31.3,0
2158.3,1426.6,2.63,77.3,1857.9,3.49,35.5,1
2413.7,1377.6,7.13,87.3,1174.9,6.21,23.3,0
2408.9,1748.9,13.38,72.4,1367.3,4.02,32.6,0
2474.2,1596.1,8.34,78.2,1212.2,0.26,26.7,1
3248.9,1550.1,3.41,78.3,2716.5,4.76,31.7,1
2494.8,1832.1,9.41,60.5,2509.4,4.42,27.8,1
2041.3,1076.9,5.05,99.7,510.1,7.57,36.5,0
2826.7,1558.0,10.12,69.3,1073.8,2.8,28.5,1
2973.2,1696.7,8.42,82.9,2180.0,2.18,25.4,1
1402.1,652.5,0.2,84.2,1981.5,2.56,29.7,1
2588.3,1550.3,2.99,73.3,1466.8,3.04,29.3,1
2655.8,1293.3,8.83,82.3,589.9,5.99,32.6,0
2006.6,1144.3,6.45,77.9,954.0,4.72,29.8,0
3094.2,1717.9,2.93,58.0,1086.6,3.37,37.9,0
2102.5,1433.6,4.1,71.0,1721.6,3.74,27.6,1
2281.6,1576.5,0.28,67.6,2863.0,3.71,27.6,1
2087.5,1035.5,5.73,69.5,950.5,9.72,25.6,0
2210.1,1237.6,12.63,59.4,679.2,2.33,28.3,0
1487.4,835.9,8.41,88.5,1413.1,8.18,28.9,0
1264.0,626.2,12.57,94.2,2325.4,7.08,29.1,0
3236.4,2231.6,8.65,86.7,342.5,0.06,28.3,1
1649.5,1092.2,9.08,90.2,2662.9,9.93,25.6,0
1555.6,788.9,11.92,70.9,1362.4,7.56,24.5,0
800.3,448.2,7.13,67.4,912.5,6.82,26.5,0
1784.7,859.8,5.44,65.7,219.8,4.05,32.6,0
1340.0,855.5,9.1,82.7,2065.2,5.55,33.4,0
3267.3,1589.3,10.36,77.7,1363.1,2.53,27.7,1
2856.4,2130.2,4.56,74.1,1636.6,0.35,24.2,1
1752.7,1199.2,3.84,90.5,779.4,8.36,27.7,0
3664.1,2077.8,6.42,79.9,1244.7,8.96,36.4,0
2838.1,1769.8,8.49,64.9,1110.7,1.62,32.0,1
1988.9,1438.7,8.39,66.8,1419.5,7.87,30.2,0
575.4,354.6,1.73,83.2,964.4,7.41,31.9,0
3689.1,1853.2,11.73,87.5,272.7,1.78,34.2,1
1296.8,730.9,4.08,81.6,3682.8,4.22,23.4,1
1130.5,794.7,5.2,97.8,409.3,4.23,26.4,0
2864.7,1842.7,3.29,94.6,1645.2,7.6,25.9,0
3785.8,2442.7,14.09,80.3,82.4,8.38,30.3,0
3099.8,2201.0,6.73,64.9,50.0,0.95,28.6,1
2566.5,1843.3,3.45,59.3,1578.3,5.63,31.0,0
2586.6,1877.7,8.59,70.4,1639.5,7.62,26.0,0
2754.7,1318.0,8.31,84.0,2509.2,7.86,33.5,0
2693.3,1651.6,5.44,96.9,1819.6,1.48,27.7,1
2382.8,1601.6,8.52,80.0,1380.2,5.26,30.8,0
2267.7,1535.4,3.52,89.0,740.3,8.58,32.8,1
2159.3,1364.7,4.52,72.1,2699.2,3.19,32.5,1
1709.9,855.0,0.2,82.5,2243.1,4.25,29.4,0
2017.6,1390.6,2.03,84.9,502.9,8.04,31.3,0
1099.6,732.4,11.42,51.2,1530.4,0.89,35.0,0
2136.1,1016.4,10.92,70.0,1615.2,8.59,30.1,0
1557.4,917.5,6.2,86.4,1223.5,3.11,25.1,0
1482.7,744.6,10.99,78.3,2117.5,0.01,30.3,0
2316.9,1277.2,5.52,60.6,2165.4,2.34,27.9,1
3104.8,1414.0,5.27,45.8,1347.6,0.9,18.6,0
2796.9,1594.5,6.17,70.6,1275.3,0.92,29.8,1
1179.2,725.1,5.63,74.1,2699.2,6.93,28.5,0
1556.7,989.9,5.35,64.4,2246.3,2.14,32.6,1
2811.5,1824.8,9.43,76.7,1557.9,9.35,25.0,0
1561.4,1094.4,6.45,81.1,196.6,5.16,22.0,0
2054.0,1057.1,8.14,83.0,1775.2,4.6,28.7,0
2557.5,1243.3,9.09,46.7,2058.5,4.34,29.5,0
1570.6,1108.0,7.16,59.2,50.0,6.93,28.4,0
2268.5,1127.4,3.09,71.3,1701.5,4.52,28.1,0
1332.9,989.6,1.94,81.9,1166.6,1.29,23.7,1
1809.1,1271.4,6.45,80.9,1323.3,8.8,27.4,0
2407.9,1445.3,5.49,80.7,774.1,4.28,26.6,1
1164.6,866.9,6.26,70.4,1381.4,0.74,32.3,0
2486.3,1191.5,5.95,71.1,2613.6,5.29,29.5,1
2187.2,1183.1,13.75,66.3,1142.9,6.47,26.9,0
2559.1,1641.6,2.01,84.2,2272.5,2.76,34.9,1
2345.5,1301.8,0.2,64.0,854.9,8.0,26.9,0
3086.7,2248.7,7.0,85.2,2107.0,6.7,30.2,1
2281.4,1071.5,4.87,77.5,1501.3,6.5,27.3,0
1920.9,1181.0,6.95,74.5,1781.6,4.21,34.5,0
2279.5,1429.8,7.75,67.1,1505.7,9.62,28.3,0
2553.1,1648.9,9.85,58.7,2013.3,2.74,28.5,1
2231.8,1175.5,1.48,67.2,50.0,5.78,27.4,0
2226.4,1245.4,4.33,71.0,364.1,3.09,28.8,0
1743.7,1226.0,7.29,46.6,1833.7,7.45,32.8,0
1769.1,899.6,8.31,72.6,50.0,0.48,31.4,0
1288.3,899.3,12.58,86.1,1075.5,0.46,28.1,0
3337.2,2065.1,8.87,81.8,1456.5,8.11,34.8,1
1391.5,944.3,5.83,69.0,837.5,4.34,31.5,0
1749.6,1161.9,3.33,75.6,946.8,3.41,26.2,0
1733.0,887.8,4.31,68.3,1717.3,6.08,22.5,0
2781.7,1726.4,4.22,76.8,2307.4,7.02,26.3,1
2008.3,1426.5,7.97,93.5,733.2,2.01,29.7,0
3011.0,1745.3,6.77,86.6,1040.0,1.85,30.4,1
1762.2,1304.0,2.03,81.2,915.0,9.58,33.4,0
2381.3,1394.7,4.69,69.1,50.0,5.9,23.6,0
1657.0,816.6,8.63,84.0,1613.4,3.9,26.2,0
3594.3,2037.4,7.05,54.8,2247.8,8.01,23.3,1
1428.1,1050.4,7.71,72.0,2313.3,5.25,22.6,0
2401.4,1311.0,7.15,82.0,803.4,2.42,25.5,0
2612.0,1855.6,10.88,83.9,498.6,2.07,29.5,1
2469.0,1763.8,6.71,83.0,1517.3,3.97,31.1,0
2079.6,1154.3,4.84,78.5,2163.4,8.6,24.2,0
2115.6,1004.9,3.25,72.7,1623.9,0.61,24.8,0
2228.5,1487.2,6.75,81.5,1731.4,2.19,20.9,1
2104.4,1143.7,0.2,63.6,2413.5,8.93,28.9,0
2826.5,1935.8,5.45,64.9,908.7,1.22,25.1,1
3636.8,2119.5,5.38,75.7,1324.0,6.3,34.7,1
1837.6,1094.5,1.91,77.1,2807.7,2.14,29.6,1
1309.6,895.0,3.22,53.1,1342.6,6.06,27.3,0
2142.6,1210.0,8.43,80.5,486.1,3.83,25.4,0
3876.8,2259.9,6.69,84.3,964.5,1.02,22.0,1
1677.6,944.3,6.31,74.1,749.5,5.82,22.5,0
3265.4,1829.3,6.92,100.0,1785.7,6.83,25.5,1
3290.5,1999.9,6.28,66.8,783.2,6.8,25.2,0
1840.2,1274.6,9.73,70.7,1716.8,6.37,24.0,0
2569.8,1435.3,6.37,70.3,911.1,5.0,29.5,0
3258.5,1978.8,1.63,74.1,50.0,5.19,30.1,0
1953.6,1272.2,10.89,71.1,1745.3,6.36,26.2,0
2067.7,1097.6,7.11,58.1,1618.8,6.9,35.7,0
1821.9,971.5,4.23,68.4,1914.2,6.55,21.0,0
1540.4,1124.5,2.24,73.8,961.6,5.87,28.2,0
1778.0,1186.0,7.19,89.7,876.4,1.56,27.1,0
1404.4,875.2,5.65,100.0,1821.2,2.11,25.8,0
2222.2,1431.8,10.72,91.0,2715.2,2.6,25.2,1
1699.5,779.7,4.96,65.7,1508.9,9.2,28.0,0
2352.0,1494.5,3.49,66.7,1839.7,7.59,27.1,1
1188.7,716.6,8.69,73.1,1242.7,5.53,26.4,0
2415.1,1482.2,8.78,96.4,265.1,2.52,22.8,0
2741.8,1529.4,6.51,73.0,2273.9,1.11,21.5,1
904.1,428.9,8.03,59.1,2226.7,8.99,26.8,0
2443.1,1241.1,5.89,69.0,2068.6,8.93,26.4,0
2998.0,2204.2,6.7,84.1,1354.4,1.11,27.2,1
1413.7,809.5,9.49,83.3,1977.6,7.97,27.6,0
3287.2,1939.4,7.88,72.6,2215.0,4.47,25.9,1
2472.4,1151.7,5.49,83.2,2796.1,3.24,27.2,1
1741.7,803.4,10.06,47.7,2290.8,7.39,24.6,0
2163.8,1439.2,0.2,76.2,1551.1,6.14,34.1,0
2562.9,1567.0,12.16,85.3,453.4,7.8,24.8,0
2249.4,1355.5,0.88,65.0,1624.5,0.74,26.5,1
2550.2,1333.6,4.12,65.0,1705.3,3.19,25.1,1
1601.6,1078.5,5.88,52.6,2067.2,3.19,25.0,0
2310.1,1156.1,5.56,94.1,2583.1,3.3,28.1,1
1281.1,649.5,9.02,66.4,1423.9,5.02,27.6,0
2127.7,1251.5,2.83,77.9,3180.8,2.83,26.2,1
1612.5,864.1,6.78,82.2,92.6,4.44,26.9,0
1721.9,902.7,4.27,93.1,1835.5,3.68,25.1,0
3003.5,1932.9,6.89,73.2,861.2,7.35,29.6,1
2909.4,1877.4,5.81,68.5,50.0,6.04,36.2,0
2595.9,1810.3,6.28,77.1,1338.6,6.54,24.5,1
1490.0,857.2,4.35,90.4,334.3,2.11,29.6,0
1994.3,941.2,4.47,73.0,1370.9,3.26,28.2,0
2988.5,1590.2,6.86,63.5,1527.8,0.21,30.7,1
2292.1,1705.3,8.83,56.5,2394.8,1.08,30.8,1
3707.6,2331.6,4.21,60.3,293.9,2.65,28.8,1
2455.7,1627.9,3.39,85.4,2226.8,0.65,27.8,1
2324.8,1051.3,7.84,71.2,1578.5,6.03,26.3,0
1999.1,1210.4,5.9,67.7,2323.1,9.98,24.9,0
2286.8,1054.8,8.49,66.4,1154.6,1.01,27.6,0
2100.9,1304.2,3.28,76.0,434.2,8.21,22.9,0
2660.3,1932.0,0.66,72.1,526.0,1.19,25.6,1
2821.9,2089.7,4.4,71.7,466.6,6.7,32.4,0
1689.1,1034.0,3.7,91.2,1882.3,6.43,28.4,0
1334.7,784.1,5.76,93.5,2681.5,9.03,31.6,0
1006.5,738.2,4.09,55.7,1048.0,1.14,33.9,0
2530.2,1649.9,8.22,78.9,2003.3,3.15,27.3,1
1482.8,696.1,5.14,65.7,281.2,0.91,28.8,0
800.6,472.1,6.45,72.0,1644.3,4.07,26.8,0
2452.6,1280.4,6.47,78.7,2034.9,9.12,24.7,0
3820.4,2257.7,6.58,72.4,341.5,7.82,24.2,0
2196.1,1288.3,5.93,77.8,1336.9,7.23,31.4,0
2745.0,1714.7,7.53,83.1,2072.7,5.33,28.8,1
2253.2,1255.1,3.61,78.5,50.0,8.83,35.4,0
2135.7,1066.3,10.2,67.2,2568.4,4.49,31.9,0
2797.4,1681.6,5.29,67.4,1782.9,1.5,25.1,1
2011.3,1406.0,2.07,57.7,2073.4,8.38,31.4,0
2373.8,1541.1,6.56,64.8,1169.8,2.8,26.8,1
2409.1,1328.6,3.45,98.5,121.8,0.54,32.9,1
1765.7,1290.2,8.0,65.5,1927.3,1.26,26.1,0
2844.8,2058.7,12.63,60.7,1433.9,6.09,23.8,0
2086.3,1069.9,3.64,78.8,1525.7,6.07,24.8,0
1708.8,789.2,7.0,73.7,2370.1,2.6,25.0,0
2548.7,1713.7,0.73,72.7,2109.7,7.27,24.6,1
1616.0,1128.4,7.36,91.9,3037.0,7.74,25.7,1
2218.3,1642.4,3.34,81.6,1623.1,9.21,31.4,0
2194.1,1573.0,4.13,68.6,947.0,5.85,35.2,0
2905.8,1831.1,2.7,69.9,1349.3,7.79,22.7,1
2508.6,1527.7,8.2,69.0,1832.5,7.53,33.1,0
2183.7,1000.9,9.02,85.5,2312.7,2.58,26.1,1
2731.5,1431.3,6.07,71.3,326.4,3.1,29.4,1
3103.6,1824.6,3.41,53.5,1506.8,4.78,21.4,1
2562.6,1636.3,10.77,74.4,2787.6,0.19,30.1,1
2206.7,1361.9,3.75,56.6,1307.8,2.97,20.0,0
1347.3,906.5,0.2,100.0,2244.8,4.74,29.3,0
1507.7,805.0,7.38,63.4,1894.5,1.08,29.0,0
2001.6,1240.0,2.69,73.1,2264.7,1.26,28.8,1
1803.8,859.4,8.97,78.1,852.2,4.63,25.1,0
2078.5,1193.2,4.86,71.5,855.7,7.31,30.2,0
2236.8,1510.0,7.81,71.5,1516.2,8.34,29.6,0
2544.3,1674.2,10.2,80.1,274.2,5.46,27.2,0
2154.2,1609.6,2.37,93.3,1284.2,4.75,30.7,1
2516.2,1342.1,4.3,84.2,1702.3,3.84,27.6,1
2241.9,1343.9,5.77,92.7,2927.7,1.93,30.1,1
915.9,502.7,10.61,62.4,1822.2,1.47,27.5,0
1589.4,925.3,4.02,78.8,2000.2,7.92,28.9,0
2106.3,1489.4,4.22,76.9,2431.6,4.65,30.3,0
1413.7,926.3,7.43,79.2,728.3,7.9,26.4,0
2590.0,1851.1,4.27,91.5,1367.9,7.04,23.1,1
3195.0,1632.8,6.46,72.4,3440.3,1.94,29.1,1
2992.2,2130.5,1.35,70.1,1436.7,5.1,32.8,1
2061.3,964.5,12.64,81.4,2393.1,4.44,29.2,0
3169.0,2270.8,1.96,53.7,2271.0,4.24,29.3,1
2296.6,1260.2,5.03,72.2,317.5,5.43,27.8,0
1980.9,1078.4,5.9,73.4,1748.4,9.82,31.0,0
1801.3,1087.3,11.74,64.0,1617.4,8.13,27.3,0
2003.4,1466.9,2.03,87.7,1764.0,9.04,26.2,0
1947.7,904.4,11.95,62.3,896.7,0.3,32.4,0
2310.8,1284.0,8.27,73.4,606.5,1.4,25.9,0
2304.4,1629.1,7.25,78.5,1119.2,0.85,31.6,1
2202.0,1252.5,3.05,91.2,1421.8,2.63,32.4,0
2484.0,1266.2,7.71,74.9,2448.0,4.42,30.3,1
2973.9,1717.3,3.83,86.2,2953.8,6.42,23.0,1
2817.2,1593.6,9.8,83.4,2617.3,5.01,28.1,1
1234.8,894.8,3.09,76.5,2188.1,9.03,27.2,0
540.0,366.4,5.66,61.9,696.5,9.4,26.0,0
2807.3,1688.7,4.33,57.8,1172.9,1.64,28.6,0
1311.5,979.1,3.04,76.3,1667.9,8.53,31.1,0
2053.9,1210.9,8.22,68.5,994.0,4.82,26.2,0
1439.4,672.9,7.61,86.0,1961.8,4.53,27.3,0
1028.7,543.9,9.63,84.0,2076.4,7.85,27.0,0
2552.0,1482.2,0.66,72.8,1929.0,0.93,32.7,1
2693.5,1338.8,9.19,61.1,2320.1,8.82,27.0,0
1825.3,1340.2,13.52,81.1,776.3,6.71,23.1,0
515.8,350.8,4.65,62.8,2246.3,8.75,21.7,0
1844.9,978.7,11.69,65.9,943.5,9.94,29.5,0
2454.7,1539.7,5.21,63.2,747.3,5.18,25.0,0
1238.7,825.5,1.88,73.3,1925.7,0.93,30.7,0
2319.2,1698.5,5.08,89.0,2472.7,1.67,22.7,1
2190.0,1564.8,9.14,74.9,1890.4,3.24,25.8,1
2576.5,1557.7,3.49,69.7,1516.6,1.04,22.7,1
2277.7,1554.3,4.2,56.7,1748.1,8.15,29.7,0
1567.5,969.7,7.78,81.6,1609.1,2.97,30.6,0
2977.8,1833.7,6.01,65.6,599.2,9.76,29.4,0
2097.0,1015.8,7.75,76.4,505.9,7.03,23.7,0
2182.3,1064.6,6.71,70.7,1436.9,1.73,25.0,1
1593.4,970.1,7.44,85.1,1563.9,4.76,28.9,0
1911.9,1014.5,4.7,73.1,1509.1,4.67,21.2,0
1624.9,741.4,6.7,74.3,2040.9,4.93,27.0,0
2087.6,1392.1,3.22,80.8,1327.6,5.36,34.1,0
3312.6,1523.0,9.87,100.0,1950.4,0.31,27.3,1
1308.3,822.4,4.1,85.7,1384.3,6.86,22.0,0
1151.2,704.2,9.39,73.9,2958.7,4.87,25.6,0
3156.3,2337.7,5.3,75.0,1564.6,7.91,25.5,1
2063.9,1228.6,6.61,68.7,3372.6,8.15,36.6,0
1765.1,828.0,4.52,63.6,1781.6,2.31,34.7,0
2875.9,1770.2,2.95,68.4,1329.1,0.48,30.9,1
1806.3,1268.7,0.77,65.7,780.4,7.03,26.6,0
3386.9,2537.0,2.83,82.8,345.7,9.78,32.8,0
2640.7,1529.2,5.03,62.1,706.8,4.47,23.5,0
1882.9,1028.2,6.64,91.0,796.3,2.6,32.3,0
3602.3,2600.8,9.03,84.0,1815.9,1.57,31.7,1
1806.3,916.5,4.66,75.2,1079.1,2.87,27.4,0
2682.4,1702.3,3.35,75.0,1649.5,3.28,32.6,1
2394.5,1369.0,1.67,68.3,2525.6,4.24,26.2,1
3046.1,1408.3,7.44,78.2,1429.8,6.55,22.9,0
3215.0,1781.7,10.15,88.1,3163.3,2.73,31.9,1
2220.8,1176.1,9.8,66.6,559.4,0.51,27.7,0
1710.3,1121.6,8.13,56.6,1379.5,3.73,30.4,0
2499.0,1835.8,7.92,83.4,1068.5,8.56,35.3,0
1759.5,933.3,11.09,78.9,2249.2,4.98,25.1,0
3508.7,2433.1,7.0,61.6,50.0,9.65,27.4,0
2288.7,1067.9,7.94,66.2,345.5,5.04,34.3,0
1962.5,1200.0,5.04,64.7,1414.1,2.76,30.7,0
2320.0,1093.1,1.91,66.3,2741.1,1.93,25.2,1
1324.4,967.1,3.95,71.1,1680.7,6.95,24.2,0
1568.5,1066.4,5.97,71.8,418.8,5.36,25.9,0
2980.3,1929.4,6.18,67.2,542.3,6.04,25.0,0
1773.0,1236.1,11.78,65.9,2838.4,7.55,28.9,0
1519.5,979.0,6.24,72.3,1003.1,7.26,28.3,0
2548.8,1887.9,9.54,77.0,745.6,0.43,29.1,1
2970.7,1973.1,4.69,71.2,2681.9,8.03,24.6,1
2667.3,1940.2,5.06,88.9,2308.9,5.33,27.7,1
2847.4,1723.1,2.01,81.1,2519.2,3.92,19.8,1
1708.1,828.6,3.77,55.9,740.0,5.38,28.6,0
1275.8,776.3,7.58,81.3,279.9,6.12,32.7,0
3175.9,1550.0,6.02,82.3,1606.5,1.5,22.3,1
1990.3,1249.4,8.83,69.8,1768.1,4.17,29.9,1
2037.0,1211.5,6.54,57.1,1791.7,3.36,25.6,0
3063.3,1950.6,4.94,75.1,2682.5,3.5,31.2,1
2561.5,1160.4,12.44,74.9,113.0,0.91,28.6,0
2496.3,1269.3,5.72,61.5,2187.8,1.6,29.6,1
3607.3,2155.0,9.49,57.6,622.7,1.62,28.3,1
1781.7,1309.8,4.8,73.9,2184.6,3.73,33.3,0
2803.1,1584.0,8.13,72.2,1120.0,8.94,29.4,0
2237.1,1291.5,8.78,70.0,848.8,2.06,25.2,0
2374.6,1577.7,6.63,74.0,1012.1,4.16,28.4,0
3193.5,2015.5,0.2,61.8,343.5,3.12,26.5,1
2530.1,1365.4,6.05,69.8,1532.3,7.87,28.6,0
2549.9,1461.7,9.69,81.4,881.9,0.5,26.3,1
2897.1,1492.9,7.58,70.8,2129.0,1.97,25.3,1
1962.8,1452.1,7.34,54.9,2012.0,2.11,28.8,1
1654.5,809.4,0.83,69.3,2850.5,9.93,28.2,0
1520.9,854.0,3.84,62.2,1793.1,5.71,32.3,0
921.9,422.0,7.23,78.2,1916.5,1.39,26.3,0
3536.5,1826.7,7.23,78.8,2620.1,2.72,20.1,1
1482.9,1014.5,9.64,55.1,997.9,1.68,26.5,0
2056.2,1049.4,5.57,84.1,309.4,1.25,21.5,0
2020.1,957.6,7.22,61.7,1660.1,7.97,29.7,0
2399.8,1421.5,6.05,93.7,361.9,4.96,21.3,0
2730.2,1236.8,3.04,74.4,3463.2,6.31,24.0,1
2759.3,1311.9,0.2,60.0,2664.4,3.31,26.6,1
1821.0,1260.7,7.29,61.3,3231.2,5.54,34.2,1
2091.4,1425.1,6.52,79.2,1550.0,2.58,23.7,0
2383.7,1727.1,4.15,70.3,1940.5,3.08,28.0,1
2038.4,1439.8,1.14,73.8,1132.4,6.52,30.3,0
3244.8,2125.2,7.89,94.4,2206.3,1.5,33.9,1
2519.1,1173.2,5.2,66.6,527.6,6.17,31.1,0
2677.7,1833.8,7.67,75.7,50.0,8.52,32.4,0
2630.9,1851.2,11.59,92.0,867.4,1.2,31.5,1
2962.8,2043.5,0.2,78.2,335.6,8.97,23.2,0
2317.7,1396.5,3.9,55.7,2682.3,0.79,29.4,1
1357.1,705.5,5.37,81.1,2952.5,3.49,31.4,0
2459.8,1730.7,10.36,61.0,377.7,6.11,24.2,0
1776.6,1187.0,1.09,91.9,2533.4,5.59,25.7,1
1856.4,1381.6,11.81,65.1,2261.1,0.96,24.8,0
2581.1,1282.1,6.41,100.0,244.2,7.99,31.1,0
3004.9,1555.6,5.71,92.6,1187.8,9.73,27.7,0
2213.8,1136.9,5.41,65.4,1035.9,1.81,26.7,1
2400.7,1651.1,4.69,75.2,2098.4,8.95,22.9,0
3306.4,1673.3,9.14,84.0,517.0,5.57,27.7,1
2356.5,1107.5,2.79,84.4,1420.9,9.36,25.7,0
3891.1,2916.6,7.04,80.3,951.3,1.76,29.0,1
2567.6,1174.5,4.85,90.0,1878.7,7.92,23.4,0
1055.5,739.5,3.71,73.5,1326.6,0.6,28.7,0
2689.7,1505.2,13.76,70.6,1071.8,8.83,26.2,0
2447.8,1719.5,7.26,70.8,1329.4,6.74,23.0,0
3038.3,1872.8,7.84,85.3,3128.8,3.7,22.7,1
2637.6,1900.3,9.41,79.4,1166.5,1.9,23.3,1
2110.0,1535.8,1.74,78.5,667.2,8.17,27.2,0
1404.2,635.7,11.26,84.5,1966.7,6.03,28.5,0
2064.1,975.6,0.2,50.4,1385.2,3.6,29.1,0
1647.2,864.9,3.69,78.7,367.8,4.44,29.2,0
1822.7,1186.2,4.62,77.6,3285.2,8.27,25.0,0
2582.6,1850.4,7.75,95.0,1218.0,3.39,32.2,1
3285.4,1931.8,6.66,56.7,1197.7,0.9,26.2,1
2456.5,1552.8,5.5,93.7,1627.9,9.11,29.8,0
1422.7,720.7,5.96,75.9,2884.1,3.87,27.3,0
2489.0,1721.1,3.07,80.9,156.2,3.48,29.5,1
2977.8,2204.2,1.51,95.1,1720.8,2.04,27.1,1
1803.6,957.0,8.18,81.7,3169.8,8.97,29.6,0
2112.9,1264.5,8.08,79.8,1603.0,2.18,28.0,1
2209.5,1051.4,10.75,77.9,511.7,6.37,31.3,0
1689.8,1043.9,3.63,69.2,1005.3,8.81,24.7,0
2621.4,1575.0,8.08,74.7,1665.5,0.35,20.9,1
2121.4,1046.5,5.15,66.4,2564.6,8.29,24.1,0
2472.7,1440.6,9.57,74.5,1228.5,4.11,32.3,0
1623.1,893.1,9.07,47.0,2161.3,6.58,27.4,0
1915.7,1161.9,6.63,80.1,351.7,3.72,28.4,0
2669.5,1670.3,4.98,73.5,345.0,6.96,23.8,1
1957.7,885.9,8.88,71.0,1113.8,2.54,28.3,0
3322.5,2253.7,7.94,77.6,2650.4,0.22,23.9,1
1940.2,1288.1,3.95,57.8,1555.1,9.48,24.5,0
2346.0,1313.5,2.02,98.2,1731.8,0.16,26.4,1
2806.2,1307.3,5.13,73.8,1722.5,8.24,29.8,0
1278.1,864.6,10.55,73.2,2387.4,1.69,30.2,1
1055.5,777.4,9.44,63.4,1011.8,3.92,30.3,0
1208.3,630.8,2.66,75.3,2050.6,8.22,21.6,0
3020.7,1652.5,2.5,91.6,835.3,2.06,28.0,1
1841.3,930.1,9.82,87.4,3086.6,8.66,27.2,0
3862.8,2406.9,2.59,85.3,859.7,4.98,21.9,1
1833.2,910.1,7.53,81.6,794.1,3.66,28.1,0
2320.0,1291.9,4.15,70.7,1939.7,6.62,27.0,0
3202.4,2110.7,10.85,57.6,1563.8,3.41,30.0,1
3504.0,2165.6,3.69,72.6,1761.5,3.47,28.3,1
3540.0,2003.4,9.43,72.2,1681.9,7.34,25.8,1
2985.4,1719.8,6.55,87.6,627.7,3.1,31.7,1
2865.6,1772.8,6.76,78.7,2790.7,2.01,19.1,1
2585.1,1167.9,0.2,94.3,2214.8,8.08,27.7,1
2705.9,1281.4,0.2,89.4,2587.2,8.05,20.9,1
1841.7,1315.7,5.34,69.5,1077.3,4.98,24.4,0
1668.2,789.7,6.74,53.5,1833.2,5.27,30.1,0
2197.8,1455.0,2.62,91.6,1657.9,6.96,22.9,0
2089.4,1516.9,2.73,91.3,2402.4,5.09,22.3,1
1905.4,1012.2,7.68,58.6,2428.2,4.17,37.5,1
2652.7,1488.5,7.69,93.1,1654.4,9.95,22.6,0
2820.9,1750.9,5.59,79.6,285.6,1.48,34.6,1
2257.5,1613.0,8.34,76.9,2923.7,5.93,27.3,1
3160.4,2315.2,2.48,94.4,1944.8,8.86,25.9,1
1457.9,979.5,4.93,91.1,1013.3,6.87,30.3,0
2074.1,987.3,10.94,82.8,1825.2,8.81,33.3,0
1734.1,1128.4,6.2,80.7,291.1,3.36,23.4,0
986.8,565.5,6.38,82.4,2344.3,2.72,26.0,0
2146.3,1268.9,12.92,70.2,323.0,8.51,31.4,0
2120.9,985.7,1.8,74.3,1323.3,3.94,29.2,0
3183.7,1615.2,8.39,64.2,1695.6,7.1,32.4,1
2610.0,1793.5,10.99,71.0,2331.1,1.48,30.1,1
1534.3,899.4,5.03,70.6,1585.2,7.56,35.2,0
3405.2,1840.5,8.58,67.4,2008.0,5.49,28.7,1
2993.7,1692.0,3.05,76.6,1477.5,2.69,28.9,1
2578.4,1821.1,3.94,71.1,1474.3,4.95,29.3,0
2052.8,1385.0,7.15,81.0,1568.4,6.97,27.4,0
1576.4,838.1,8.4,55.5,1348.8,0.12,31.4,1
1958.1,950.2,9.36,73.6,150.7,6.37,28.9,0
2907.7,1528.3,10.71,76.6,885.3,5.42,31.2,1
3425.0,2487.3,5.8,71.3,1695.8,2.2,31.8,1
3203.1,2000.3,9.58,72.9,1300.7,7.53,29.7,0
1882.2,1148.3,4.97,56.0,1375.4,3.03,30.0,0
1472.2,925.9,8.71,79.3,1241.3,2.77,24.0,0
2291.6,1282.8,6.62,82.8,809.1,4.71,25.8,0
1050.5,727.1,7.34,80.9,1105.5,6.76,31.4,0
2410.1,1462.9,7.27,87.5,1254.5,9.29,33.7,0
2104.1,1020.5,1.19,77.4,1504.1,1.41,20.2,0
1897.1,927.1,2.63,80.7,1814.7,3.96,25.7,0
1163.4,710.9,6.31,76.9,1355.6,0.67,28.1,0
2533.8,1852.2,0.94,83.3,676.3,7.59,24.5,1
1853.7,1005.7,8.49,56.1,381.5,4.48,24.7,0
1439.6,1023.3,8.61,64.3,3577.9,7.07,29.9,0
400.0,271.7,6.98,94.0,596.1,3.22,34.3,0
2182.1,1144.2,2.64,45.5,1085.1,8.44,19.9,0
3352.0,1544.9,10.14,73.3,1913.6,5.35,27.3,0
3279.8,1576.1,12.11,89.1,1788.7,9.44,29.9,0
1902.9,1272.2,6.44,73.9,1916.7,0.79,31.1,1
1808.6,922.2,7.53,70.1,1145.8,5.14,29.3,0
2504.7,1406.1,6.61,76.6,1690.8,7.66,35.0,0
1551.0,931.4,7.59,70.8,1549.1,6.0,28.1,0
2396.2,1599.8,5.64,75.4,1250.3,0.23,33.2,1
2698.0,1305.7,5.9,66.8,1696.3,9.72,25.4,0
2997.5,1714.3,8.72,88.3,2344.3,2.98,28.2,1
2134.9,1271.4,13.04,92.1,1482.2,2.49,23.1,0
2067.6,1265.9,1.8,73.4,1487.6,4.86,31.6,0
1629.3,1133.2,5.69,58.4,2354.5,5.42,27.5,0
1662.5,833.8,2.46,68.7,2269.1,7.66,29.4,0
2052.8,1421.2,10.78,72.8,2767.1,3.93,26.7,1
2438.8,1604.4,4.24,81.1,95.0,4.4,30.3,0
2793.8,1723.1,1.67,62.9,2224.1,5.35,29.6,1
1677.9,1107.2,7.91,65.8,1981.3,3.94,24.0,0
3170.2,1818.5,11.23,81.1,791.5,9.15,24.3,0
2023.8,994.7,7.99,86.3,1701.3,8.51,27.9,0
2186.1,1420.4,6.61,67.5,2340.9,4.55,30.6,1
1714.3,1041.3,7.23,59.0,836.7,0.0,35.5,0
624.2,400.6,10.24,100.0,1854.0,9.01,29.2,0
2774.6,1529.9,3.38,84.4,2197.1,1.24,32.0,1
2678.9,1934.4,5.66,71.8,643.2,2.45,21.5,0
2017.1,1263.2,4.64,85.4,1386.2,1.52,36.1,1
2243.5,1067.1,2.5,73.5,1740.8,1.8,30.4,1
2535.4,1483.0,5.01,85.4,863.1,8.03,27.8,0
1184.3,801.7,9.32,76.9,796.7,5.8,27.3,0
1856.1,1277.5,7.7,76.1,1392.0,9.56,23.6,0
2716.3,1625.4,7.93,73.6,2141.3,2.31,24.7,1
1384.7,994.8,6.44,57.6,2015.0,4.86,35.6,0
2390.8,1267.8,7.57,98.3,810.9,9.77,24.0,0
1318.2,755.6,3.6,63.7,2021.7,8.26,24.0,0
2503.2,1801.2,5.07,58.7,831.2,7.29,25.2,0
2176.8,1564.9,6.58,72.4,211.9,1.89,23.2,0
1150.2,754.2,6.83,63.5,1206.3,7.69,28.1,0
2957.1,2092.7,6.96,74.4,2398.4,3.48,32.4,1
1722.5,821.0,5.58,83.3,2024.8,5.31,25.6,0
1673.3,1187.2,4.87,86.9,1498.7,6.09,22.5,0
2330.4,1272.8,15.0,84.8,1166.6,6.09,29.2,0
2946.6,1483.6,8.72,71.3,1188.2,7.27,27.8,0
1539.7,803.4,7.24,75.6,1587.0,6.62,32.0,0
2240.1,1288.9,5.3,79.9,645.3,0.68,26.2,1
2478.7,1302.2,4.65,53.9,1221.5,4.57,27.0,0
2650.5,1447.6,5.61,81.8,1327.5,6.64,27.4,1
2314.7,1135.3,6.88,57.5,419.1,2.96,28.4,0
1961.4,1056.9,0.36,99.5,829.2,3.13,26.4,0
1662.1,1033.3,1.29,70.1,1828.4,1.25,25.8,1
2256.0,1314.2,4.09,72.8,1507.6,4.19,20.6,0
1503.1,832.7,6.62,65.8,1253.0,9.87,25.7,0
400.0,269.6,5.28,67.4,770.9,2.85,30.9,0
2483.8,1783.5,10.43,100.0,2761.5,5.31,31.4,1
2787.6,1887.3,1.55,86.3,829.6,7.43,26.1,0
664.1,365.0,3.75,56.4,1701.3,0.13,33.2,0
1543.7,1039.4,10.56,93.1,1109.7,9.0,27.9,0
2602.5,1289.8,6.39,89.3,1529.0,3.87,22.6,0
3537.4,1730.1,8.65,71.6,1866.1,8.69,21.4,0
2213.5,1225.6,12.15,78.7,403.8,0.39,32.9,0
1726.8,1195.5,3.92,74.8,1494.7,1.46,26.5,1
2081.1,1090.3,5.7,98.7,2452.6,3.23,23.1,1
3093.7,1450.9,5.18,65.4,2909.2,3.45,19.0,1
1780.1,871.4,0.2,76.8,1396.0,8.48,26.4,0
1680.5,1189.2,5.07,69.9,1533.3,0.11,29.6,1
1886.2,1207.4,8.64,57.8,3269.1,6.41,25.2,0
1580.3,831.2,7.62,100.0,2407.9,1.31,23.8,1
2279.7,1405.7,7.86,60.8,1006.2,8.23,25.8,0
3256.0,1980.6,4.87,77.6,1004.8,7.79,33.0,1
2410.0,1558.4,4.03,54.1,2265.2,5.0,22.4,1
2036.0,1058.6,9.81,70.2,691.2,2.13,25.4,0
2010.3,1426.0,4.51,80.1,2370.2,6.34,32.8,1
1183.9,642.6,6.88,65.1,1767.4,1.56,30.0,0
2774.0,1826.0,6.49,82.0,1914.2,1.9,28.7,1
2149.4,977.6,10.39,71.8,1294.6,6.27,25.4,0
2082.7,1170.0,8.91,88.9,996.1,9.91,28.1,0
4275.5,2375.1,2.11,91.3,2669.6,8.91,25.8,1
2394.2,1467.7,2.44,68.0,1302.6,5.93,24.6,0
1711.3,807.4,7.74,75.9,1171.3,5.39,23.7,0
1922.9,1321.1,5.81,77.2,1435.9,9.98,31.1,0
2946.5,1518.4,4.63,82.4,1654.4,5.47,27.8,1
2273.6,1484.9,9.05,75.2,675.3,4.2,29.3,0
1265.1,874.2,6.56,77.3,1048.1,9.1,28.6,0
2797.5,1730.4,6.16,72.1,1005.6,2.34,29.8,1
1765.7,1187.0,8.34,76.4,2176.2,0.98,27.0,1
3417.6,2216.5,4.87,90.6,791.2,6.34,26.1,1
2902.0,1615.4,10.71,82.8,95.4,0.96,24.7,1
1909.2,1322.5,3.64,83.4,50.0,3.73,22.3,0
3032.7,1632.8,7.97,83.7,323.7,4.24,23.5,0
2244.1,1394.4,10.3,73.2,2589.2,5.48,26.5,1
2754.3,1855.4,1.87,78.8,1513.0,9.92,21.6,0
2515.1,1417.7,4.97,62.0,1901.0,2.21,22.5,1
1649.9,892.3,9.43,90.2,1929.2,3.76,32.2,0
1781.7,1047.3,9.47,41.6,1544.9,1.32,28.9,0
2869.5,1995.4,5.49,74.0,1440.2,6.08,26.2,1
1982.4,1445.1,3.8,88.7,2335.6,7.28,37.1,1
1937.6,1188.8,8.87,58.6,1616.8,4.82,21.4,0
1579.2,1024.0,9.55,79.8,2619.3,2.46,31.9,0
2475.3,1784.7,2.51,66.8,1996.7,6.21,27.6,1
3540.6,1698.0,2.39,70.6,1005.8,5.39,31.1,0
1506.1,782.6,6.68,86.4,1102.3,1.71,28.4,1
2215.7,1468.3,7.89,77.4,918.0,4.06,20.5,0
3117.9,2173.6,5.1,50.6,2474.0,4.35,28.4,1
2148.2,1519.0,8.04,63.3,1176.0,9.83,29.3,0
2494.0,1432.9,3.87,86.7,861.2,8.49,19.2,0
1509.4,719.7,0.2,80.4,1755.8,7.34,35.8,0
2478.4,1440.8,4.73,96.0,1422.3,8.89,29.2,0
2078.4,1079.1,6.19,95.2,1735.7,7.35,30.7,0
2840.7,1526.5,5.17,70.9,3011.9,9.03,23.3,1
2971.8,2025.8,2.52,100.0,2230.5,0.55,30.8,1
3883.2,1835.4,0.55,75.3,1521.6,4.56,32.4,1
2576.8,1799.3,4.46,63.4,373.3,7.47,29.0,0
2411.8,1394.7,8.69,67.4,1100.0,5.83,28.0,0
2326.3,1462.9,9.77,47.9,2068.8,1.75,24.4,1
1970.4,939.7,9.56,94.3,563.2,3.4,27.1,0
2420.0,1333.9,3.55,94.1,3212.8,3.18,26.0,1
2008.0,957.6,2.54,62.8,1511.5,2.61,30.3,0
2309.5,1705.5,7.49,72.3,1539.1,3.43,24.6,0
3056.4,2115.6,7.91,76.1,966.7,5.15,30.3,1
1545.7,908.7,7.2,63.5,1897.4,8.55,24.6,0
2940.9,1520.7,0.2,53.9,573.6,7.42,27.0,0
3056.1,2231.1,3.4,72.5,3231.9,8.35,30.5,1
2123.3,1175.0,5.91,71.1,2553.9,8.84,25.2,0
820.8,409.0,7.46,70.3,2287.4,4.16,30.6,0
1804.9,1117.2,8.3,77.7,387.7,3.46,30.2,0
3043.0,2231.0,6.43,92.2,1664.3,0.58,26.9,1
2185.1,985.8,6.99,71.4,2467.3,9.3,32.6,0
1550.5,808.5,6.25,77.0,1974.5,0.66,28.3,1
1871.9,1369.4,8.06,83.7,698.3,7.41,32.4,0
2746.4,1376.8,6.94,81.6,979.9,3.78,35.2,1
2555.4,1236.7,6.2,67.6,1138.5,9.49,27.0,0
2044.7,1269.9,5.19,76.2,1017.2,4.2,30.6,0
1961.6,1389.9,6.24,81.6,2723.0,8.17,25.4,1
1945.4,1153.9,7.45,61.5,50.0,2.83,23.9,0
1600.4,1197.7,6.8,90.2,2024.7,2.99,27.2,1
3250.0,2124.7,7.14,92.2,466.2,5.96,22.5,1
1990.5,940.0,10.03,66.3,731.0,9.98,24.2,0
2991.2,2236.9,6.8,77.3,50.0,5.18,30.4,1
3188.9,1825.2,4.05,82.7,1060.8,9.36,25.9,0
2848.9,1527.6,8.65,68.5,2708.6,7.86,30.8,0
1919.4,1185.0,1.9,80.8,1711.9,7.96,29.2,0
2462.4,1332.9,2.76,77.0,541.3,4.36,35.4,0
2184.3,1039.6,7.01,57.4,2313.7,3.87,30.1,0
1612.6,726.4,7.55,80.5,2485.0,1.92,32.5,1
2410.8,1410.0,2.26,61.8,1583.2,9.64,29.6,0
1433.6,1005.1,4.85,86.3,3127.8,9.59,29.2,0
2972.0,1847.7,4.18,66.9,2157.3,7.47,32.7,1
1898.0,1423.0,4.54,73.1,2046.1,2.96,30.7,0
2330.8,1249.4,8.83,91.5,857.3,2.45,28.8,1
2384.1,1273.5,8.12,81.0,2001.9,9.89,28.8,0
2031.7,1011.6,5.94,62.0,1673.4,0.67,30.2,1
2581.4,1288.7,4.36,62.8,1915.9,8.44,25.3,0
1891.3,1012.9,1.95,67.8,952.3,3.55,25.1,0
2766.3,1902.8,10.26,79.7,1602.5,4.19,33.7,1
1325.1,956.4,7.78,79.3,846.5,8.32,35.5,0
2282.1,1694.6,3.88,64.9,50.0,0.91,24.3,1
3460.3,1798.3,8.16,61.0,2298.6,3.54,25.3,1
1549.8,1107.1,5.79,78.4,298.1,9.52,32.6,0
1759.5,965.0,5.14,72.8,1585.7,6.99,30.1,0
2534.0,1226.1,7.31,100.0,1766.4,7.55,30.7,1
2316.7,1647.2,3.78,75.4,1761.3,7.58,31.6,1
2427.9,1555.9,4.97,96.8,1273.5,0.61,27.0,1
2518.0,1257.5,6.36,61.0,1717.0,2.03,29.3,0
2612.6,1512.5,4.5,56.1,1876.8,4.91,29.0,0
2921.3,1566.3,8.01,61.6,2088.0,3.68,24.6,0
2466.4,1655.0,11.61,89.3,2886.8,4.11,29.3,1
2043.2,1197.4,3.74,96.1,1687.4,7.81,33.0,1
2637.2,1969.4,1.0,65.6,1551.2,0.15,26.7,1
3434.9,1602.1,0.2,69.5,774.6,6.6,28.6,1
2113.8,1176.3,5.55,61.0,1848.8,0.0,28.8,1
1566.6,931.4,4.01,53.3,2033.9,0.63,26.9,1
2919.6,1754.5,6.62,83.6,1346.2,4.08,30.7,1
2121.8,1155.9,6.4,77.7,1935.7,8.41,25.3,0
787.8,526.8,1.19,75.1,1266.0,1.45,33.3,0
2750.8,1959.8,0.56,58.2,2036.8,5.55,30.5,1
1852.0,1355.0,6.89,94.7,2230.1,6.79,24.3,0
2141.2,1480.7,6.41,69.0,2218.9,2.3,34.8,1
2415.8,1703.6,4.72,81.4,1594.3,5.12,28.7,1
2323.8,1429.5,1.03,57.5,668.0,9.11,25.1,0
2661.1,1856.9,7.41,72.7,1010.5,5.12,32.4,0
1916.9,1037.2,9.82,78.5,1976.1,1.57,30.0,0
2533.5,1442.9,6.83,78.9,3459.0,6.28,20.9,1
2031.3,1107.2,3.46,76.9,1227.4,5.92,25.9,0
2680.2,1581.9,6.13,80.9,1864.7,0.27,29.1,1
2600.0,1392.7,1.9,61.4,1055.2,0.91,19.4,1
1592.0,1175.6,9.17,77.4,720.8,1.57,28.3,0
2905.9,1580.4,6.25,76.4,958.9,1.36,28.6,1
1851.6,887.7,0.7,77.8,50.0,2.59,23.3,0
2725.2,1657.1,5.1,75.9,2582.7,4.54,29.1,1
2438.7,1139.2,7.39,59.7,50.0,3.72,28.0,0
3394.8,1640.3,5.0,59.2,1288.9,8.91,23.2,0
2054.7,1059.9,5.17,48.4,557.5,6.12,31.7,0
1972.9,1162.7,2.33,84.8,792.5,8.76,31.4,0
2187.4,1268.6,7.7,84.9,2601.2,5.27,26.8,0
2002.9,1381.8,4.05,85.1,1660.9,0.9,27.2,0
2720.0,1827.4,0.2,78.7,727.7,4.63,30.9,1
1149.4,664.2,4.89,49.4,1028.4,8.22,27.2,0
1515.1,833.5,8.94,62.7,887.6,1.94,20.3,0
1505.9,820.6,4.84,77.0,1465.2,0.91,29.9,0
2817.7,1922.2,11.21,76.6,1638.3,3.29,24.7,1
3311.9,1542.1,7.29,72.3,3016.5,3.89,26.4,1
2132.1,967.6,7.02,79.4,50.0,3.06,33.8,0
2090.3,1439.5,5.61,75.1,1472.2,1.35,27.5,1
2245.5,1331.9,5.8,76.4,1247.5,2.51,28.0,1
2955.2,1445.9,5.21,67.3,2257.2,6.82,30.0,1
1597.2,831.6,5.09,86.8,1783.9,3.86,30.0,0
2354.9,1718.5,7.59,69.8,1972.3,6.33,24.3,0
2833.9,2006.0,3.19,59.0,1776.1,5.36,27.8,1
2525.7,1674.4,2.77,65.7,754.4,5.49,28.1,0
2323.2,1381.5,2.63,70.8,2469.0,2.49,29.1,1
2850.7,1727.8,12.14,86.9,2138.8,5.22,29.2,0
442.9,328.9,7.59,74.5,2232.4,0.24,38.3,0
2640.6,1953.3,6.91,72.8,2511.2,4.32,23.3,1
1774.9,913.3,2.83,60.0,1834.1,5.73,31.9,0
1010.1,700.3,7.87,84.4,2684.8,1.82,32.7,1
2532.3,1289.4,5.65,67.2,1802.1,2.57,30.0,0
3092.9,1589.9,6.64,73.8,1324.8,2.2,25.4,1
2110.7,1377.9,3.07,92.8,1494.7,0.71,34.7,1
2819.4,1611.3,6.48,81.1,1480.9,3.48,19.2,1
3248.0,2369.3,4.73,55.5,1084.5,9.79,25.3,0
3054.7,1456.2,3.7,53.8,2805.5,3.54,32.7,1
3266.0,1970.9,8.2,74.2,1737.0,4.61,26.5,1
2682.4,1946.2,1.39,60.4,1575.8,6.53,34.4,1
2249.0,1622.1,7.69,82.8,1810.6,6.48,22.0,0
1158.7,575.8,8.05,75.5,3883.9,9.5,23.6,0
2040.1,1142.4,3.36,77.0,594.6,8.58,25.9,0
1651.9,1050.2,3.54,66.5,824.0,7.94,29.7,0
3611.1,1797.7,5.33,95.9,395.5,9.52,27.1,0
2085.7,1544.2,6.85,100.0,1313.9,2.31,26.0,0
2280.1,1651.7,5.54,71.7,1696.4,6.17,33.7,0
2558.5,1279.5,7.3,79.2,1127.7,8.87,34.1,0
2228.3,1083.7,11.29,76.2,1068.2,6.24,26.3,0
3301.8,1570.4,4.48,71.9,1613.9,9.77,21.2,0
1795.3,1297.7,0.85,65.0,1098.3,1.0,19.4,0
2326.5,1182.1,8.48,62.0,1748.1,4.39,29.0,0
1717.4,987.3,11.05,61.4,2391.4,9.77,30.6,0
1342.0,784.6,7.18,79.9,2041.6,3.8,28.3,0
1802.4,1134.9,2.74,68.8,2204.8,7.4,27.7,0
2175.9,1026.0,5.63,44.1,2368.7,0.3,24.8,0
1921.0,995.1,2.64,80.3,1726.3,6.95,30.6,0
1749.9,1276.5,7.93,74.5,1373.1,9.35,34.7,0
1285.9,929.1,1.95,91.2,882.2,3.83,19.1,0
2146.0,1468.7,5.1,79.5,1187.1,0.21,27.7,1
1221.9,557.0,2.99,57.3,1081.1,0.28,24.1,0
2694.0,1476.6,6.38,48.2,2085.3,8.92,22.0,0
2253.6,1438.7,4.9,66.4,1777.4,7.23,23.5,0
1252.6,667.1,6.53,67.5,2057.4,1.07,29.5,0
1999.0,1445.0,6.07,86.3,571.7,0.55,29.6,1
1711.1,1095.4,3.04,74.9,2645.4,8.05,33.8,0
2407.5,1135.3,7.88,88.6,1158.4,8.1,28.0,0
3071.3,2219.6,5.85,59.1,620.0,1.21,21.0,1
981.1,723.4,3.03,86.6,1148.6,3.02,27.0,0
2274.8,1076.7,12.72,83.7,3487.0,7.8,22.5,0
2095.9,1277.9,7.43,50.8,1189.8,5.25,23.2,0
2636.4,1426.3,5.54,90.9,1239.9,9.57,30.3,0
2338.6,1328.0,10.25,76.1,1346.3,4.81,28.8,0
1711.2,862.3,11.53,79.7,1381.1,6.77,30.4,0
1992.6,1242.2,5.56,64.6,874.8,5.1,26.6,0
1682.6,1240.7,7.04,90.3,1614.6,9.43,31.2,0
2899.4,1742.3,3.04,60.8,2360.5,3.99,26.3,1
2213.9,1051.3,5.56,85.0,1751.4,2.3,32.5,1
3435.8,2185.2,5.4,84.8,611.1,3.27,29.4,1
2160.6,1192.8,6.55,63.3,1224.5,8.53,27.2,0
1739.5,1229.5,7.0,98.8,1058.8,4.98,28.8,0
1216.1,705.8,7.68,77.8,1542.4,3.54,27.9,0
1028.0,522.1,6.71,82.8,2564.4,5.44,34.4,0
1170.3,593.7,2.37,56.7,1380.9,1.33,29.0,0
2373.6,1615.6,3.18,100.0,1429.5,0.05,28.0,1
2530.7,1340.4,4.36,60.3,2922.1,2.81,27.0,1
1172.2,797.3,5.15,87.3,2201.0,6.05,31.4,0
2781.8,1423.6,9.15,63.1,1959.3,7.12,30.8,0
1886.0,1030.7,2.51,67.6,3066.5,8.27,26.9,1
2295.4,1353.5,4.93,84.5,1891.8,9.27,23.4,0
3247.9,2380.6,8.86,87.3,50.0,4.12,24.4,1
2782.9,2030.2,5.1,59.7,2166.1,7.41,27.3,1
2025.5,1037.2,7.38,88.1,226.4,0.75,33.4,0
1620.7,903.5,5.58,87.5,1861.6,0.58,27.0,1
801.3,396.5,6.77,63.7,129.0,1.25,25.6,0
1732.6,1044.7,5.31,94.2,1126.5,4.49,21.0,0
2062.8,1213.3,8.0,57.5,1209.0,2.11,34.1,0
1558.3,1122.4,1.36,67.5,883.9,2.87,30.3,0
2114.7,1541.6,4.91,80.7,1220.9,6.48,31.2,0
2250.0,1271.4,6.89,64.8,2326.0,3.59,31.8,0
2053.8,1227.2,7.6,78.2,928.8,5.57,27.3,0
1777.5,1277.8,10.48,77.9,1936.1,4.12,28.3,0
2309.6,1598.3,4.83,72.8,727.5,1.69,34.0,0
2487.3,1122.0,10.44,85.0,1348.4,0.74,28.7,1
1491.2,814.2,4.02,72.3,1759.1,2.36,30.4,0
3117.1,1797.1,9.99,77.8,702.8,0.58,31.5,1
2135.9,1108.4,8.45,88.8,450.6,6.19,30.6,0
2212.3,1128.0,3.26,84.5,1893.5,7.96,27.5,0
2660.3,1227.3,6.92,84.4,2398.5,3.4,27.9,1
2351.6,1512.1,5.85,61.2,1436.7,3.87,31.1,0
2819.5,1490.8,7.88,81.3,1134.1,8.16,31.1,0
2386.6,1111.5,5.33,64.5,1624.5,2.23,32.7,1
1801.9,935.7,5.08,59.6,1544.4,1.19,30.2,0
2435.0,1681.5,10.11,74.1,1694.3,5.01,30.4,0
1456.6,1027.5,5.7,64.1,50.0,6.46,26.2,0
2270.6,1350.8,8.48,84.5,644.7,6.0,25.7,0
2178.4,1252.2,5.32,84.8,823.8,7.14,31.1,0
2064.7,1534.8,11.0,52.2,1620.7,0.57,25.7,0
2116.5,1079.7,3.96,65.1,1648.7,4.28,27.9,0
976.8,502.7,4.16,57.5,2008.9,2.39,33.5,0
1843.3,990.9,10.57,69.4,1706.1,7.59,32.9,0
2260.3,1134.3,4.67,80.5,459.4,8.73,29.2,0
2303.9,1299.0,10.8,72.1,2657.6,2.81,26.8,1
1532.0,1108.0,8.68,67.9,2517.5,0.95,27.5,0
3022.7,1918.2,5.54,90.6,493.4,2.53,31.5,1
1637.0,938.9,0.56,47.3,1766.2,1.04,27.9,0
2830.1,2066.9,5.94,89.8,1023.7,3.22,25.8,1
2477.7,1151.0,6.3,68.5,1611.1,5.38,32.9,1
1780.0,913.3,9.5,74.1,2342.6,9.74,28.7,0
3354.0,2078.7,10.77,68.7,3204.1,3.99,25.7,1
1424.1,903.9,3.95,93.5,2101.0,2.2,29.9,1
2797.5,1292.1,8.4,60.2,1735.9,1.67,31.9,0
2850.4,1627.3,8.3,75.1,1228.1,1.73,24.0,1
1764.1,1137.4,9.22,81.3,1645.7,1.93,27.2,0
3105.1,2047.6,7.5,55.7,2587.8,7.62,27.0,1
2037.5,1306.9,0.2,64.0,1464.2,0.61,29.8,0
2387.7,1304.1,5.53,73.2,791.1,9.97,30.5,0
2369.2,1132.6,2.53,64.4,204.2,5.23,25.8,0
2112.7,1221.4,5.39,65.2,1910.4,5.44,22.0,0
2727.0,1332.5,8.94,70.8,1697.8,3.58,32.1,1
2715.8,1994.2,6.92,82.8,983.3,6.9,23.5,1
1063.5,630.2,9.44,70.9,2320.8,4.71,29.1,0
3047.8,1661.6,7.03,87.9,1162.6,3.29,27.5,1
1119.4,761.1,2.11,63.0,1392.3,2.65,28.6,0
2871.2,1720.9,0.2,60.0,1486.7,9.26,34.6,0
2932.4,1592.3,6.45,98.1,1219.2,2.91,40.2,1
1490.9,1034.1,5.36,67.1,1688.7,4.36,21.5,0
1933.0,1372.7,3.07,59.3,2421.2,3.5,31.9,1
1481.3,965.7,0.9,54.1,586.0,0.86,27.4,0
2060.3,956.2,3.8,87.9,1890.8,1.86,32.2,0
1999.8,1239.7,5.42,70.9,1637.7,1.9,31.8,1
2706.8,1837.9,8.0,72.0,1623.0,6.94,33.6,1
3051.7,1498.2,6.57,73.1,2197.5,4.07,29.1,1
3107.2,1611.4,10.82,87.2,1539.4,7.82,24.4,0
1834.6,1311.3,2.89,72.8,1884.2,7.09,31.7,0
2064.0,941.3,8.64,100.0,2072.7,1.92,28.5,1
1105.8,747.3,6.14,76.6,1096.5,5.63,27.1,0
1676.2,992.5,8.08,87.7,1739.3,7.43,26.1,0
2827.2,1651.1,4.69,84.7,1299.4,6.33,32.0,0
3250.1,1469.5,9.22,74.6,1393.9,6.0,34.4,0
1397.7,972.5,6.89,68.0,1242.4,7.4,23.2,0
1814.9,1012.6,3.96,79.0,1876.9,0.57,30.5,1
2182.8,1336.4,5.96,81.1,1565.3,7.31,26.5,0
2382.1,1556.0,5.28,68.1,1815.6,2.73,22.1,0
1673.8,1106.0,7.47,77.0,1486.0,5.72,28.6,0
2475.6,1824.0,2.46,89.8,216.7,2.42,24.7,1
1892.0,1153.0,5.91,99.8,1525.1,8.39,21.7,0
2190.6,1248.5,7.19,85.3,1550.8,4.81,24.9,0
2555.1,1880.8,6.1,97.4,1694.1,6.43,23.9,0
2204.2,1416.5,10.04,67.4,1025.0,7.94,25.4,0
1916.3,1033.8,8.32,83.4,543.6,8.95,22.7,0
2128.8,1038.7,5.98,91.1,1999.7,7.32,26.4,0
2142.6,1505.7,6.65,64.2,1281.1,1.49,25.1,1
1959.5,1094.7,6.89,69.2,1637.0,8.55,29.5,0
2031.8,1316.9,7.21,95.9,1274.8,6.19,30.4,0
3239.1,1915.1,0.52,63.3,1495.2,6.09,29.0,1
2564.6,1307.1,5.1,58.9,1140.6,9.21,27.1,0
2007.9,1266.0,1.55,93.3,725.5,2.49,27.0,1
2653.0,1242.2,9.83,89.4,1879.0,2.4,24.7,1
1983.0,1138.3,5.82,80.2,1017.5,5.13,24.7,0
2962.5,1818.9,5.42,74.5,1631.2,7.51,30.8,0
2440.3,1417.3,8.69,69.7,1828.4,4.47,21.0,0
2130.3,1437.1,7.27,78.4,1030.5,6.34,27.7,0
2491.0,1739.7,2.61,94.0,536.9,4.53,26.7,1
1178.9,803.3,5.79,77.9,3440.9,6.1,30.4,0
1467.6,677.5,4.99,100.0,1077.8,8.22,22.3,0
1423.9,723.7,0.77,64.2,1998.7,1.8,28.0,0
2292.9,1400.9,3.93,74.8,3051.6,6.95,29.4,1
3326.1,2429.6,5.45,70.5,2131.9,7.87,20.4,1
3650.3,2557.0,5.66,62.0,1259.6,4.47,23.7,1
2614.7,1837.5,1.55,73.2,1446.3,3.23,27.6,1
2525.5,1366.2,9.45,80.0,833.9,0.14,30.1,1
1029.3,595.8,5.69,81.3,2205.4,7.97,28.7,0
1847.3,1092.1,6.11,100.0,1953.0,3.28,30.2,1
1687.9,839.3,7.2,80.6,1088.5,3.57,23.7,0
1796.4,825.1,3.64,88.8,666.3,3.36,21.6,0
2090.7,1534.7,7.37,75.8,443.0,4.99,28.3,0
1893.1,988.6,4.9,95.1,2289.2,7.02,23.1,0
913.5,476.8,3.31,100.0,1596.3,7.72,24.5,0
2686.1,1276.0,7.72,81.4,1672.0,3.93,31.7,0
1502.7,1094.8,10.48,63.1,841.6,6.63,28.8,0
2355.5,1469.7,8.17,68.4,329.2,7.21,25.7,0
3548.2,2306.7,8.77,78.4,2270.1,2.97,25.2,1
1602.4,1159.3,4.44,80.5,1533.6,0.97,30.5,0
555.3,307.5,1.21,83.4,2225.8,8.95,28.8,0
2014.1,1281.9,10.47,80.5,1191.3,6.77,23.1,0
2915.6,1346.0,12.16,75.1,1310.5,6.48,20.2,0
3472.9,1757.4,10.63,67.4,2070.6,0.59,35.5,1
1400.8,979.7,4.99,79.8,2085.9,8.18,23.1,0
2522.9,1715.6,2.54,97.3,2138.1,5.66,30.1,1
1897.5,1053.5,2.8,87.2,1263.8,8.48,34.0,0
2131.1,1199.9,0.95,81.4,1991.6,9.75,28.6,0
3918.8,2390.7,5.68,87.4,2387.3,9.57,25.6,1
1223.1,550.5,10.82,70.5,1416.2,8.56,22.3,0
2364.9,1235.4,5.58,68.9,1089.2,0.11,22.2,1
2504.0,1283.2,6.91,66.0,2574.2,8.86,29.5,0
2905.8,1525.9,10.13,73.5,976.4,0.75,33.8,1
2263.7,1566.0,4.79,69.9,2003.6,8.51,26.4,0
2400.2,1281.5,12.11,89.5,1453.3,2.8,25.8,0
1945.4,987.2,11.98,69.3,50.0,6.1,30.8,0
2374.9,1428.0,5.61,65.4,2402.9,0.38,25.3,1
1976.9,1403.0,4.27,98.3,50.0,7.71,29.1,0
2604.0,1360.4,8.09,69.6,50.0,1.12,28.2,0
1959.8,928.1,4.96,76.8,1921.9,4.11,26.4,0
2445.1,1361.7,2.53,80.4,1921.7,8.17,27.9,1
2181.0,1470.6,9.84,61.4,989.9,6.95,35.1,0
2931.9,1803.7,9.65,89.8,1618.3,0.06,30.4,1
2166.6,1505.9,6.47,82.6,50.0,4.03,32.4,0
1047.5,772.9,2.21,93.7,2065.6,0.42,24.3,0
3020.2,2077.3,2.31,66.8,1699.8,6.73,32.4,0
1611.3,1016.9,6.32,76.2,1463.5,9.69,30.6,0
1775.1,1061.5,4.5,75.5,1516.7,6.55,22.0,0
1812.8,837.6,4.98,78.2,1894.6,2.24,30.2,0
3093.4,2305.5,9.07,57.5,1476.9,3.55,25.9,1
811.8,458.7,8.2,76.3,50.0,9.77,21.8,0
4239.5,2101.4,10.13,57.9,3257.1,2.24,28.5,1
2886.4,1876.2,3.03,79.3,2460.6,5.62,30.2,1
2345.1,1255.3,4.97,49.5,472.0,4.0,28.6,0
2164.3,1354.3,8.28,52.8,1223.9,7.68,27.6,0
2385.6,1493.5,7.34,84.8,1311.2,8.67,26.7,0
2538.7,1481.9,10.6,68.4,2363.1,3.41,37.9,1
2619.4,1835.8,7.26,63.1,50.0,6.6,23.3,0
2561.1,1356.1,11.54,90.3,1100.8,5.49,31.5,0
2258.2,1320.1,7.62,78.9,91.5,2.78,28.1,0
2071.7,1266.5,9.19,85.5,1271.9,2.72,24.6,0
2101.7,1364.2,5.03,73.0,1122.0,5.39,27.8,0
2073.3,1420.6,6.04,100.0,1563.8,1.54,22.4,1
2937.0,1669.5,8.73,67.7,1016.1,8.11,25.6,0
2585.8,1664.8,10.84,95.9,899.2,0.69,27.8,1
400.0,198.1,8.19,74.3,1995.7,0.95,21.8,0
2626.3,1916.7,5.75,55.1,1863.7,3.42,30.0,0
2326.6,1314.3,10.13,80.8,1941.1,1.18,24.1,1
2187.8,1463.4,0.2,78.8,1358.5,4.76,22.2,1
1947.5,888.2,1.73,62.4,1042.6,4.0,23.7,0
2930.7,1499.2,8.04,63.9,1404.9,7.22,36.7,0
2815.9,1678.6,6.04,74.7,1900.9,9.53,20.1,0
1697.6,1211.2,7.82,79.2,50.0,7.54,29.7,0
2464.6,1498.9,6.19,45.4,1815.3,1.79,25.0,1
1568.4,1143.3,7.71,87.6,1747.3,9.36,26.6,0
1303.2,775.6,3.56,69.1,1549.7,3.92,30.4,0
1792.6,1070.4,7.71,59.0,1380.5,4.74,30.2,0
2760.6,1341.4,8.98,86.3,50.0,4.22,25.3,0
2819.5,1947.7,9.66,74.7,1148.1,2.81,22.6,1
2533.5,1327.8,12.04,89.6,2931.6,8.95,30.5,0
2671.3,1923.0,6.73,80.3,1510.3,3.32,30.2,1
2535.5,1833.8,6.82,75.0,1254.2,5.79,26.9,0
1783.0,1307.0,1.43,73.2,1513.5,2.4,29.8,1
2480.7,1503.5,4.41,80.8,1783.8,7.97,26.2,0
2720.3,1776.7,5.42,70.0,2027.1,7.74,24.7,1
2690.3,1839.0,9.15,64.8,1316.9,2.96,28.0,1
2972.8,1454.6,4.17,82.3,1839.9,6.82,30.1,1
2660.4,1676.8,8.39,73.3,2841.3,7.04,29.2,1
2428.4,1117.8,6.0,75.4,2305.0,5.63,30.0,1
2895.6,1735.2,5.47,88.1,3372.2,6.01,25.0,1
2182.8,1083.6,6.75,73.6,974.6,5.74,34.3,0
1626.8,821.3,4.83,75.2,2841.0,0.82,26.6,1
2094.0,1171.6,4.71,67.8,867.5,6.7,27.5,0
1715.8,994.7,0.89,80.2,1782.9,4.7,22.7,0
1761.1,1121.8,5.26,79.2,2086.0,4.38,27.2,0
2106.1,994.8,4.56,85.8,1091.4,8.6,30.1,0
1684.9,1012.8,4.45,68.1,1570.4,0.23,31.1,0
1999.8,1009.5,7.25,69.5,2228.4,2.51,34.2,0
969.2,603.0,7.98,84.5,931.8,1.21,30.1,0
2338.6,1499.6,6.7,78.0,2835.5,0.35,29.1,1
2200.8,1357.9,8.99,64.1,392.3,2.76,26.2,0
1668.9,1120.6,7.73,90.7,3051.8,9.88,25.4,0
2628.5,1447.5,5.11,54.6,2301.1,2.7,31.9,1
2809.4,1909.1,4.61,84.4,1428.2,6.64,31.8,1
1155.1,669.8,6.94,59.8,1177.9,1.18,23.7,0
1704.2,1014.5,7.72,97.6,1094.4,6.02,30.9,0
1700.1,1095.6,10.19,56.5,1391.4,9.84,30.6,0
1589.1,723.8,9.57,88.8,1461.2,2.92,23.5,0
2739.2,1770.0,4.38,74.0,2504.2,8.48,30.2,1
2074.0,1318.2,5.69,70.6,3074.9,9.98,23.8,0
2028.1,1101.1,8.01,77.2,1659.5,5.89,18.3,0
897.5,427.0,9.2,82.6,823.5,3.09,27.4,0
2613.0,1247.1,8.82,64.1,1063.4,6.74,29.0,0
1394.5,1013.7,5.81,65.2,1353.5,8.45,27.5,0
2239.0,1470.5,2.24,82.8,675.9,1.71,39.5,1
2380.3,1161.9,3.0,54.5,556.8,4.53,29.5,0
3084.4,1718.1,6.82,68.0,3177.7,3.19,28.6,1
1349.3,847.0,7.03,100.0,1742.1,2.83,29.7,0
400.0,280.3,2.7,63.4,833.5,8.61,26.2,0
2319.5,1074.2,6.13,88.8,2153.3,4.22,31.7,1
3370.3,1755.9,7.89,68.0,557.3,3.39,29.4,1
3005.3,2154.6,2.55,81.1,623.2,6.04,29.3,1
2336.3,1057.7,9.31,82.9,857.6,2.19,25.5,0
1880.4,959.8,4.87,88.5,2823.6,2.3,21.7,1
2724.6,2010.0,9.77,72.6,1297.7,5.2,26.0,0
1567.2,993.6,4.4,98.9,50.0,4.09,29.1,0
2509.6,1326.3,2.92,67.9,2468.1,2.95,26.2,1
2528.6,1188.7,4.63,77.8,1254.9,0.54,29.2,1
2889.1,1324.5,5.71,77.9,50.0,5.21,27.1,0
3993.8,2090.4,4.83,61.5,1246.7,8.17,29.7,0
2455.1,1754.0,5.35,71.6,1916.8,8.51,24.1,0
1869.2,1074.4,7.0,76.9,1823.2,2.35,28.8,0
2183.4,1454.3,5.49,69.8,2938.7,6.0,25.4,1
1050.1,761.8,5.8,100.0,817.8,8.56,21.8,0
1748.4,1000.8,0.87,64.9,1537.4,4.09,27.3,0
1934.0,981.3,7.18,89.2,940.3,9.32,34.1,0
1859.3,1125.2,5.73,85.3,266.2,9.03,22.2,0
2299.0,1660.9,10.83,74.8,2208.4,2.08,28.5,1
1665.4,1151.3,3.18,64.6,1870.6,2.59,31.2,0
2928.7,1375.7,0.58,65.8,1726.9,1.8,37.2,1
2200.1,1447.2,7.85,68.8,1841.4,1.96,26.0,1
2194.0,1363.7,7.04,53.6,951.6,9.08,25.5,0
1986.9,1435.0,2.97,63.0,695.4,9.31,23.3,0
2300.9,1119.9,1.41,57.2,1530.1,0.52,32.6,1
2736.3,1669.7,10.61,91.2,2429.0,5.94,24.5,1
1636.4,1168.1,10.24,82.4,2786.5,5.64,26.5,0
1772.2,1015.5,0.2,84.4,2136.3,3.91,20.6,1
2002.6,1190.7,4.63,82.1,1523.3,6.32,31.5,0
1325.2,624.3,10.99,77.0,1715.8,9.47,32.6,0
1667.5,889.5,4.57,92.5,1509.3,1.7,31.4,0
1890.5,1034.7,4.53,67.7,679.2,1.2,21.6,0
2768.4,2030.7,5.15,76.3,1519.7,0.33,30.4,1
2370.7,1267.8,2.64,84.0,432.1,3.64,21.3,0
2325.8,1368.2,0.89,59.1,1400.7,3.38,28.2,0
2753.1,1793.3,9.16,100.0,2808.9,4.31,28.8,1
2110.7,1052.5,0.47,75.3,2158.3,5.03,29.2,1
2453.8,1462.3,6.74,76.7,761.5,7.58,30.1,0
2132.9,1432.4,8.66,90.1,1442.1,3.92,28.0,0
2372.5,1684.6,1.65,86.0,832.5,3.31,20.2,1
1821.2,1161.7,3.23,75.5,1450.0,8.27,30.1,0
614.8,400.0,9.64,76.6,2332.9,8.5,28.4,0
2112.7,1030.8,7.6,57.0,2022.4,2.33,24.4,0
3124.8,2292.8,4.15,68.3,3487.3,3.15,21.7,1
2802.0,1372.4,9.61,81.2,2454.0,8.25,34.2,0
2827.5,1929.5,9.62,80.3,1663.2,0.79,32.9,1
3003.5,1590.2,6.81,89.7,2041.7,3.26,30.8,1
2257.6,1648.2,3.3,73.6,1338.0,4.48,25.3,1
2328.3,1550.6,4.76,58.4,598.0,1.87,17.9,1
1798.5,1216.1,6.86,87.7,2544.6,1.8,31.1,1
1994.6,1028.6,5.43,92.2,2307.2,4.25,29.5,1
2600.3,1515.7,8.82,85.8,1307.2,7.55,26.5,0
2982.5,1894.9,1.41,73.0,1719.1,8.4,32.5,1
2109.4,1436.5,1.52,87.5,2492.8,9.79,31.4,0
1907.4,917.8,6.54,100.0,2177.1,0.74,28.7,1
2200.3,1625.4,4.53,76.4,329.5,2.17,28.1,0
2590.8,1857.8,4.12,59.3,1694.9,7.57,28.2,0
1261.5,670.0,0.7,68.0,1365.9,5.41,30.7,0
707.5,493.0,6.06,82.5,2390.4,3.28,24.6,0
1842.2,1115.4,5.84,55.7,2324.8,2.06,29.7,0
1406.5,827.8,7.96,77.0,2554.9,2.8,24.3,0
1869.7,1017.7,6.21,79.6,605.7,4.29,33.3,0
2103.9,1313.5,5.6,93.4,872.7,1.77,30.1,1
1905.4,1274.6,9.53,90.7,2391.3,9.64,25.2,0
3144.1,1802.5,2.06,85.4,1026.7,1.08,28.3,1
2412.4,1540.9,7.61,49.0,282.9,9.86,24.6,0
2395.3,1580.4,0.99,86.1,1926.1,8.42,34.0,0
2604.4,1727.6,3.48,83.5,1062.2,4.23,34.5,1
1459.8,679.6,2.36,78.1,2931.8,7.4,30.8,0
2875.4,2035.6,8.35,54.2,1736.9,6.72,34.2,0
2150.8,1263.5,5.8,65.7,1628.2,2.13,28.6,0
2635.8,1393.6,5.96,61.0,1204.6,3.39,31.1,1
1503.3,785.5,2.68,50.8,2772.7,5.13,32.9,0
1190.1,708.0,5.1,75.0,1786.8,6.38,28.0,0
2731.6,1956.0,3.71,65.4,1173.2,5.43,28.3,0
2444.7,1377.6,7.15,100.0,864.7,4.73,31.7,1
1613.7,1089.1,3.03,73.0,1441.2,4.43,30.6,1
1634.7,783.1,9.99,90.5,717.9,4.98,25.0,0
2931.5,1737.9,0.97,56.2,2323.1,4.34,19.3,1
1426.9,1066.6,3.58,68.6,53.3,5.41,27.3,0
3267.7,2225.8,11.03,76.2,1388.4,8.88,19.6,1
1614.6,828.5,4.69,64.1,1988.1,6.33,24.0,0
2615.0,1570.1,2.06,69.9,1773.7,7.23,24.5,0
1986.4,1033.1,6.66,72.4,926.2,5.97,25.7,0
2592.1,1484.9,4.57,72.2,2028.2,6.43,31.3,0
1846.3,1262.9,3.49,97.3,791.2,5.78,32.2,0
2094.2,1426.9,2.71,79.5,1482.1,0.27,30.0,1
2226.6,1154.3,14.31,80.8,2021.5,10.0,30.5,0
1548.6,1125.3,5.25,81.5,1870.3,0.34,30.6,1
2681.5,1683.4,0.22,82.4,960.0,3.95,18.0,1
1866.4,1052.6,10.48,74.0,2458.0,1.05,28.0,0
2051.4,1232.0,7.83,71.2,1569.4,0.97,20.8,1
1553.7,981.2,3.7,77.0,2094.4,7.94,30.0,0
534.5,330.3,3.2,88.9,2723.3,4.26,19.6,0
2075.8,1237.0,8.02,88.5,2394.0,8.01,27.3,0
3768.2,2266.5,5.26,72.1,2396.1,2.73,30.2,1
2710.0,1362.9,0.22,84.2,1654.1,2.56,23.5,1
2187.5,1517.7,11.36,72.7,2135.1,2.51,31.8,1
2029.1,1242.9,4.7,75.4,1670.9,6.16,30.0,0
2214.6,1083.7,10.49,69.3,532.5,8.15,29.5,0
2555.6,1737.4,9.84,72.8,1742.2,4.52,30.8,0
1432.5,1045.3,3.0,91.1,1705.1,3.79,26.6,0
2924.3,2147.0,9.1,76.1,1967.0,9.74,28.6,1
2665.0,1494.3,4.05,76.6,1397.6,1.17,28.0,1
2666.8,1308.5,0.4,57.6,890.8,4.87,27.9,0
2485.0,1504.7,4.73,71.3,2025.2,4.08,25.3,1
2212.8,1070.5,7.19,72.1,449.4,0.98,23.0,0
2637.4,1925.8,4.61,65.1,2667.1,2.68,26.7,1
2584.7,1305.5,5.08,75.3,1314.9,0.28,26.4,1
1969.9,1035.8,9.43,69.8,1696.4,8.77,25.1,0
1827.2,1045.1,6.32,76.0,1946.8,6.08,31.4,0
2266.2,1280.3,3.47,76.5,1972.6,8.15,23.3,0
3206.9,2207.6,8.11,63.5,372.8,5.22,27.3,1
1394.6,818.5,6.59,70.2,2159.3,6.0,32.7,0
1246.1,624.6,0.2,75.9,1742.5,7.01,31.6,0
2307.1,1223.1,7.29,89.2,991.8,9.08,32.9,0
2233.1,1346.0,7.18,78.1,900.3,0.92,25.6,1
2312.7,1143.0,6.06,67.1,1232.8,3.31,31.1,0
2358.6,1494.1,8.68,79.8,461.0,7.09,23.7,0
2054.9,1273.5,3.98,95.5,2877.8,9.58,26.9,0
3168.4,2105.1,7.01,86.0,2688.9,9.81,27.3,1
1159.4,847.9,1.3,81.6,1861.4,6.38,25.7,0
1661.5,1202.4,7.22,83.7,1321.3,1.94,26.6,0
2132.9,1565.2,11.86,92.3,1342.3,1.19,26.0,1
1131.9,592.5,3.02,87.9,2106.5,9.46,24.1,0
2085.7,1020.9,3.72,81.8,2906.3,4.34,31.4,1
3280.0,1773.4,3.87,87.8,1043.7,1.95,27.3,1
2213.6,1590.5,6.39,62.0,605.9,9.34,28.8,0
2350.0,1742.8,2.81,57.0,2738.1,1.05,28.7,1
1380.9,977.4,7.26,76.9,70.3,7.3,28.2,0
1799.4,869.1,8.54,75.8,693.2,6.25,28.4,0
1956.1,1436.2,7.6,68.5,1302.5,0.88,26.8,1
1993.5,1150.3,0.69,84.9,251.7,3.39,33.7,0
3033.1,1373.4,8.99,52.6,2389.7,1.5,31.0,1
2562.5,1493.2,8.81,68.6,2185.5,6.04,28.1,1
1477.6,685.3,8.49,69.2,1040.2,4.77,26.2,0
2360.2,1447.2,7.12,55.4,2523.7,0.04,27.5,1
2523.8,1392.1,6.66,92.9,2659.4,9.76,29.7,1
2941.1,1741.2,9.1,58.7,1409.5,3.5,34.0,1
3227.4,2046.0,11.77,67.9,1139.5,2.58,22.5,1
1540.2,1094.5,3.14,85.9,3307.7,2.22,30.6,1
1672.9,1085.0,9.23,82.8,2076.9,1.59,32.5,1
1382.6,802.2,5.74,61.7,1705.1,9.99,22.1,0
2047.9,1425.0,5.61,83.2,2590.8,2.95,27.3,1
2503.1,1806.4,1.39,78.5,1741.5,4.06,23.7,1
2841.8,1380.9,5.15,100.0,1095.5,8.71,29.7,0
2150.6,1311.0,3.01,79.8,1564.1,6.42,26.6,0
1992.1,1066.5,4.61,73.3,2330.9,3.69,27.5,1
2298.6,1066.8,2.71,64.7,50.0,8.98,26.4,0
1657.2,1078.1,4.65,66.1,1269.6,7.5,30.9,0
3558.2,2522.2,4.78,65.1,2606.4,2.28,28.9,1
1155.0,576.2,6.29,91.5,1090.5,6.44,28.9,0
2320.1,1609.5,1.16,75.2,2736.9,9.22,28.6,1
3515.3,2481.9,1.66,81.8,2631.8,4.96,30.3,1
2204.4,1596.7,7.09,93.2,1447.6,7.34,27.0,0
2076.5,1099.7,3.61,46.7,1045.2,9.71,34.8,0
1967.7,1419.0,9.22,90.3,1270.1,6.9,23.1,0
2082.7,1137.6,6.68,75.7,3631.7,1.02,21.1,1
3092.4,1904.0,7.82,80.2,2999.5,2.45,20.8,1
762.3,354.6,10.23,65.1,1600.3,5.95,19.7,0
3196.7,1480.6,5.07,65.9,1013.5,2.76,30.7,0
1274.4,848.9,4.28,80.9,1593.6,9.58,30.2,0
2026.7,1182.2,8.62,100.0,1695.1,4.05,32.8,1
1921.0,1012.1,7.53,87.0,505.3,4.57,23.8,0
2582.6,1309.7,5.44,90.2,1564.0,7.02,31.0,1
1161.2,755.9,10.17,72.7,2557.9,5.24,28.2,0
2500.4,1125.5,5.36,67.8,60.5,3.82,28.7,0
3515.8,2432.1,6.1,65.6,2161.3,0.77,30.5,1
1313.9,622.5,6.06,69.1,2599.8,5.96,25.0,0
2323.3,1179.0,3.2,50.4,1051.6,8.68,38.3,0
1769.7,1001.4,6.23,66.3,2855.3,6.86,33.3,0
2476.8,1474.8,10.19,68.3,947.7,3.81,25.9,0
2212.4,1231.2,7.33,72.9,1852.9,1.28,23.6,0
1783.0,973.9,6.09,76.6,1254.6,8.16,27.6,0
2517.1,1860.6,5.51,79.3,1254.4,9.42,28.7,0
3372.8,2167.0,6.99,74.8,1006.2,3.88,32.3,1
2075.9,948.8,8.25,68.0,2058.9,7.29,23.3,0
2667.8,1544.8,7.83,51.4,2179.0,4.11,29.1,1
1359.4,968.6,5.0,68.1,1448.5,5.02,21.9,0
1578.3,853.0,6.97,63.3,412.0,8.36,29.7,0
2507.1,1199.3,7.44,80.6,1822.5,0.83,27.6,1
3164.7,2144.1,2.98,85.9,1837.6,5.3,35.7,1
2431.1,1536.0,6.5,86.3,1326.6,2.15,21.8,1
1996.5,1240.0,0.2,84.1,2993.8,3.4,33.5,1
2199.5,1025.1,7.45,73.4,248.9,6.44,21.2,0
1387.2,682.7,7.98,68.7,50.0,0.27,22.7,0
2592.9,1651.1,8.24,66.0,915.3,5.94,21.3,0
2773.5,1421.0,4.81,56.9,2068.3,2.83,29.0,1
1906.1,1146.0,6.93,86.9,655.3,6.69,23.3,0
1894.5,1162.2,10.27,72.9,715.2,1.42,22.6,0
2372.8,1269.6,10.24,60.0,2260.8,7.36,28.8,0
1916.1,1407.5,5.91,65.1,1870.0,6.46,29.8,0
2157.0,1515.8,6.42,64.6,1801.6,9.71,28.2,0
3564.8,2376.7,9.33,75.5,2125.1,9.11,27.4,1
2039.4,965.5,1.5,87.8,1159.8,2.83,35.3,0
1967.1,947.8,5.03,70.8,1196.8,0.27,28.6,1
1779.1,1063.6,10.01,48.0,2147.8,6.55,31.2,0
2683.7,1337.1,8.93,72.7,424.1,6.03,28.6,0
2082.2,1548.1,7.11,73.1,50.0,0.27,23.6,0
1777.9,884.6,1.48,72.3,1153.4,1.23,30.2,1
3058.8,1823.8,5.85,67.5,2244.7,5.85,25.4,1
3122.7,1746.4,4.23,77.6,1704.4,9.12,27.6,0
1809.7,1161.5,6.99,75.8,2185.8,9.07,29.2,0
986.7,482.2,3.57,74.7,50.0,1.51,20.2,0
2854.9,1653.2,2.92,80.0,1752.4,3.85,21.6,1
1755.0,934.4,0.2,69.8,2023.1,0.43,31.6,1
2713.9,1944.0,9.67,69.2,419.4,4.69,25.3,0
919.4,424.9,4.8,91.6,2189.6,7.53,25.5,0
2780.2,2013.2,6.47,81.7,1410.8,7.9,28.7,1
1412.7,988.8,5.99,84.9,3957.1,4.99,26.5,1
2675.0,1442.5,2.8,89.7,50.0,0.96,29.7,1
2209.3,1517.3,2.22,81.3,2595.3,3.81,27.8,1
1579.9,725.8,2.98,86.1,1184.7,9.32,28.8,0
1935.4,1432.3,3.83,56.0,206.3,2.3,25.2,0
2646.1,1608.8,7.1,77.4,1078.4,3.2,28.8,1
2268.8,1227.4,3.61,72.8,1722.0,7.47,32.4,0
2579.9,1441.6,11.24,95.1,2330.0,7.34,25.7,0
3484.7,1637.5,9.08,86.1,2877.6,9.12,31.7,1
1183.2,883.7,8.43,67.4,2637.5,3.88,27.8,0
3251.2,1501.4,5.64,79.5,727.7,5.15,30.9,0
2267.8,1466.1,10.54,77.0,2404.1,4.67,28.5,0
1615.8,941.7,5.35,80.5,1813.0,9.28,27.9,0
1335.3,981.0,5.91,62.8,976.3,7.69,29.4,0
2077.1,1088.0,6.51,79.3,1330.5,8.31,32.9,0
2799.1,1706.4,8.11,72.3,932.1,1.33,28.9,1
2117.1,1259.0,7.91,78.4,1529.7,7.92,29.9,0
3182.3,2103.0,4.57,66.3,916.3,4.33,26.5,1
1256.7,591.2,4.4,68.0,677.6,0.23,34.3,0
2192.1,1113.9,7.92,89.1,1883.3,0.6,30.6,1
1385.9,712.9,8.15,62.4,2003.0,6.78,28.3,0
2436.4,1635.9,4.82,63.3,1349.9,3.72,27.5,0
2776.5,1407.0,1.24,74.4,2594.1,8.68,31.9,1
1926.5,1198.4,5.38,65.7,1291.7,7.34,25.6,0
507.3,261.0,7.87,64.4,1257.8,0.22,20.9,0
2329.3,1650.3,11.42,76.3,2028.4,6.87,28.3,0
2483.9,1819.8,2.41,56.9,1394.1,1.92,32.8,1
2462.8,1491.3,4.72,62.9,1567.8,4.23,34.4,1
3003.3,1668.9,4.83,99.6,50.0,6.25,27.6,0
1503.8,782.3,10.07,80.5,1513.4,8.73,28.2,0
2642.1,1228.4,5.9,66.0,50.0,4.56,30.1,0
2975.1,1578.5,3.28,80.0,523.2,8.08,26.9,0
1043.9,674.7,7.68,81.8,431.7,7.83,30.1,0
2407.8,1468.9,4.79,86.9,665.9,4.15,27.7,1
1872.3,1372.8,2.33,73.5,1060.9,5.01,32.0,0
2147.0,1221.4,3.32,86.7,1110.8,7.0,30.9,0
2426.0,1596.7,11.2,50.5,2031.4,0.31,31.2,1
1883.3,1123.9,7.15,62.3,1677.9,8.91,27.2,0
1760.8,1063.1,6.32,77.0,50.0,7.7,35.7,0
2222.2,1178.5,5.25,79.0,1566.6,2.49,29.9,1
1493.3,875.8,6.88,64.1,1754.6,9.81,29.0,0
1494.2,883.4,6.84,78.1,1237.1,1.79,25.0,0
2641.6,1748.7,6.88,67.5,1451.3,9.14,27.6,0
1453.3,1064.1,6.34,71.7,1652.2,3.24,28.5,0
2633.1,1445.0,8.61,87.3,2111.7,7.63,24.8,1
2500.7,1157.0,6.07,85.9,240.1,4.56,26.8,0
1078.2,645.7,3.07,63.0,1304.5,7.36,27.3,0
1759.6,1079.2,4.16,62.3,2706.7,1.56,28.2,1
2976.2,1489.7,0.2,70.1,2633.3,2.7,20.9,1
1562.2,1059.4,12.08,74.7,2180.7,1.0,27.5,0
1898.1,1415.0,8.59,67.1,1929.5,8.65,26.5,0
2500.3,1834.6,3.51,87.5,2823.7,2.96,27.9,1
2709.2,1379.3,5.15,79.2,3034.3,6.94,32.1,1
2036.5,1451.2,4.09,79.9,1396.7,8.2,36.2,0
1811.6,1198.1,10.63,59.8,724.5,9.01,30.7,0
3124.5,1831.5,1.74,89.0,1283.8,1.06,23.1,1
3330.3,2038.7,6.34,41.2,3977.4,8.93,26.6,1
2836.3,1999.2,5.67,85.0,244.5,1.97,30.4,1
2255.5,1339.8,8.48,86.2,1123.6,7.37,29.9,0
1674.6,941.1,5.69,69.8,369.8,7.29,31.9,0
1660.2,992.8,0.73,90.3,1599.8,0.09,27.6,1
2539.6,1584.1,5.25,74.2,537.8,2.21,26.5,1
2472.0,1252.6,3.08,75.7,1413.0,4.92,35.0,1
3111.0,2240.8,6.24,79.1,50.0,4.2,28.2,1
2622.8,1710.7,10.3,100.0,1994.1,9.19,23.9,1
1223.0,782.7,0.78,91.1,2477.9,3.6,33.9,1
2883.8,1383.8,3.6,83.4,1192.8,9.37,22.0,0
1551.3,979.2,4.34,64.0,1391.9,4.59,15.0,0
1950.4,948.5,4.86,76.7,1369.3,9.64,31.1,0
2362.6,1119.0,8.22,65.2,1644.7,7.37,31.6,0
3497.2,2127.0,5.48,84.9,1469.5,8.29,29.7,1
4221.4,2409.8,7.25,76.7,2114.5,1.05,22.8,1
2594.4,1625.7,4.12,61.5,2486.4,5.86,27.8,0
2080.9,992.1,6.69,76.0,848.7,1.43,26.9,0
2547.4,1475.7,8.33,64.8,1252.5,2.98,25.9,1
2777.0,1395.3,3.8,76.8,2221.3,6.24,33.6,0
1991.6,1486.0,8.34,64.7,362.7,7.26,23.8,0
3366.9,2081.9,6.16,75.3,50.0,0.39,29.3,1
2349.5,1541.8,9.14,84.0,1681.1,5.31,32.8,1
2523.5,1382.0,5.4,74.4,1897.1,5.65,29.5,1
2632.9,1259.6,7.14,70.3,922.2,0.79,33.0,0
2474.0,1837.6,5.88,77.4,1037.1,5.01,30.3,1
2745.3,1471.2,5.71,83.4,891.8,7.14,29.7,0
1798.8,1038.2,6.78,61.7,806.5,0.53,29.5,0
1837.1,1184.9,7.61,78.1,2054.8,7.6,30.5,0
1484.9,679.2,2.25,90.8,555.6,5.76,26.5,0
2485.7,1722.8,10.3,81.9,1287.6,8.33,22.8,0
2706.3,1653.5,0.42,75.7,775.7,2.18,31.8,1
2497.6,1332.4,3.95,82.7,335.8,8.33,32.6,0
3288.4,1540.6,5.72,80.4,2196.1,0.95,29.0,1
2196.4,1095.4,7.24,84.0,1084.1,4.04,25.8,0
2634.7,1893.0,10.73,50.7,1650.8,1.99,21.8,0
1490.4,977.4,0.43,56.4,293.5,8.76,28.3,0
1948.4,1022.8,4.48,87.1,906.4,7.05,22.6,0
2652.1,1245.6,0.2,56.9,2104.9,0.25,22.0,1
2751.9,1808.5,6.09,79.8,3569.8,0.1,27.9,1
2008.9,1249.0,6.82,70.8,50.0,2.91,24.9,0
2153.5,1230.4,10.77,63.0,1339.1,1.43,29.4,0
1213.4,678.4,6.36,79.2,1829.8,6.3,27.4,0
1967.9,1013.6,9.13,77.4,1007.1,6.64,25.6,0
2778.7,1808.6,7.75,100.0,2179.6,9.42,21.2,1
2573.9,1907.8,4.69,67.5,806.6,9.52,24.6,0
2525.4,1269.6,1.77,92.3,1623.1,6.59,24.7,1
2232.4,1404.5,6.83,79.2,1082.3,0.06,23.1,0
2204.6,1272.6,1.52,67.1,2475.5,3.59,26.7,1
1770.8,1034.2,9.89,84.6,958.9,5.13,23.4,0
2654.2,1396.8,5.51,81.8,1218.5,4.99,27.3,0
2473.6,1725.5,9.59,75.4,2256.6,6.03,29.0,1
2519.8,1500.7,4.56,78.2,677.6,9.61,24.7,0
1858.1,1139.0,6.81,67.8,1555.0,8.85,29.7,0
800.3,433.3,6.63,65.1,50.0,1.09,22.6,0
2913.1,1469.8,5.86,84.1,629.7,2.66,23.6,1
1888.8,898.6,4.7,72.3,1805.7,8.33,27.5,0
1639.2,1088.8,7.18,74.0,707.4,8.24,30.7,0
2650.8,1348.9,3.22,78.4,1064.3,2.75,31.5,1
1945.2,1278.0,2.37,78.2,1894.5,7.31,34.4,0
2889.0,1638.4,9.73,57.8,1036.7,6.72,26.5,0
2601.1,1494.9,8.18,90.4,2158.3,4.74,27.5,1
2644.3,1562.1,6.2,76.5,1672.5,2.01,23.9,1
1312.1,735.2,11.0,72.6,1848.5,8.89,23.0,0
2987.8,1434.7,5.2,80.2,2492.8,6.78,28.9,1
2369.8,1286.5,9.97,77.8,1755.9,1.69,24.9,1
1960.0,1272.3,6.53,84.2,2731.1,7.05,32.9,1
2293.2,1490.0,2.93,81.5,2229.0,7.41,22.2,1
1045.4,560.2,11.54,83.6,1081.2,8.87,29.9,0
2465.6,1449.9,8.97,91.2,2534.5,2.23,24.0,1
1530.9,777.8,5.64,85.6,1711.1,9.89,24.7,0
1320.8,677.7,8.18,73.1,1184.3,1.53,30.2,0
1210.5,553.1,4.79,61.5,1722.7,6.01,25.3,0
2923.2,2101.9,8.49,95.0,2389.9,6.57,25.9,1
1791.0,919.2,0.2,72.1,1864.0,4.19,24.8,1
3196.9,1656.8,2.94,69.3,2957.9,4.75,35.1,1
1851.7,988.6,8.94,54.2,2369.2,8.91,25.5,0
1090.2,532.3,5.25,79.1,1918.5,6.45,28.2,0
1474.3,946.1,6.62,76.8,679.1,4.97,27.2,0
3003.3,1419.2,1.96,56.8,1356.2,1.28,28.9,1
2098.7,1028.9,11.54,80.4,1557.3,0.07,25.5,0
1843.6,1186.2,9.57,69.0,2057.3,1.25,27.2,0
2304.0,1271.6,5.4,100.0,2009.9,9.56,29.6,0
2526.2,1673.3,4.79,68.2,1635.6,7.64,24.5,0
2926.3,1806.2,9.09,69.8,1596.3,9.67,32.4,0
3141.5,1655.0,11.95,64.5,2076.4,0.36,32.7,1
1966.2,1268.7,8.86,90.3,813.1,6.8,30.4,0
1338.1,648.8,12.52,70.5,2856.4,0.44,28.3,1
1931.2,1179.8,3.23,66.3,50.0,7.82,16.0,0
2369.2,1376.8,3.54,83.5,2664.3,3.81,29.7,1
1573.6,834.6,2.43,58.4,1463.9,0.96,26.4,0
1577.9,995.9,7.33,82.5,2302.1,5.68,27.0,0
2423.5,1724.1,6.53,96.4,1791.1,2.8,20.4,1
2168.4,1625.6,5.54,81.8,1776.8,6.6,30.0,0
2221.3,1404.6,8.43,82.7,1943.4,6.58,22.2,0
1707.0,975.4,9.7,85.4,2147.2,7.05,28.5,0
2050.2,1061.1,1.42,95.5,1236.9,9.92,31.6,0
1599.2,843.0,4.21,89.5,2327.8,3.87,26.1,0
2778.6,1650.1,8.46,80.3,632.4,4.65,32.9,0
2872.9,1609.4,4.6,85.8,1495.7,8.05,25.0,0
1000.0,724.1,3.61,64.4,2168.8,5.78,30.4,0
1595.8,894.4,9.06,84.3,2296.0,0.37,22.8,1
1227.3,689.8,2.13,62.9,1868.6,8.43,32.1,0
1777.5,1004.4,5.1,70.6,1185.3,0.51,31.5,0
2145.8,1504.2,6.99,38.0,2217.4,1.71,29.9,0
1257.7,811.5,4.28,79.8,964.5,1.02,26.4,0
1600.8,1015.3,8.35,67.3,2901.1,0.78,22.4,1
1547.4,851.5,4.29,88.3,1432.3,0.26,26.4,1
2334.7,1623.5,10.23,79.7,268.3,0.55,32.4,0
2245.1,1036.1,5.62,88.5,544.3,4.42,28.5,0
1730.9,1231.1,8.01,62.0,1534.9,2.53,21.8,0
2314.9,1397.8,8.24,87.5,1611.9,1.27,23.5,1
1844.7,1050.5,4.12,100.0,3075.7,6.59,33.0,1
2023.4,1212.3,0.2,84.2,669.2,2.26,30.0,0
3287.7,2137.8,7.08,84.5,1531.6,0.19,23.1,1
3071.3,1393.8,6.22,77.0,652.5,4.18,20.9,1
1355.3,964.2,7.67,68.7,1105.9,3.1,25.5,0
2739.3,1599.8,5.32,84.1,2847.2,3.19,20.6,1
2727.4,1508.0,4.71,56.9,590.9,4.45,27.4,0
1453.6,714.4,12.03,70.0,1969.6,6.69,37.8,0
2732.2,1589.7,1.58,53.7,1814.3,6.16,21.6,1
3199.7,1916.3,8.2,66.6,1480.7,9.37,27.3,0
1470.3,839.7,4.28,82.7,1915.5,5.18,33.2,0
1603.6,1048.1,4.99,81.1,572.0,4.73,31.0,0
2861.5,1649.0,5.05,75.6,2825.1,2.13,27.4,1
2376.5,1754.8,3.59,77.0,3039.9,7.55,27.4,1
2558.5,1611.3,7.71,52.4,1537.7,1.41,23.4,0
2421.4,1676.2,10.17,70.5,3438.5,4.91,26.9,1
2454.0,1184.8,7.41,66.8,1180.8,4.21,29.0,0
1337.8,761.5,6.31,67.1,1820.3,6.58,32.4,0
2880.8,1587.5,3.04,82.2,2645.5,9.18,25.5,1
2960.2,1837.8,7.55,64.7,1132.8,9.47,27.2,0
2050.9,1452.7,12.47,67.7,394.8,1.68,24.2,0
2171.7,1028.3,4.86,50.0,210.6,2.62,28.9,0
1204.8,568.4,4.87,71.5,3148.7,8.12,31.1,0
2534.3,1786.9,4.32,61.9,1076.8,5.18,30.5,0
2571.8,1321.6,4.53,76.0,1351.4,4.53,23.3,0
2159.6,1405.1,0.2,63.6,609.8,7.11,28.6,0
2930.8,1796.2,7.22,76.3,2258.7,6.02,25.3,0
1982.8,1387.7,3.46,73.3,874.8,9.71,32.0,0
2567.0,1251.5,1.17,95.1,1107.0,5.84,27.4,0
1537.2,751.6,8.26,81.0,1739.6,4.66,21.9,0
2184.7,1348.1,2.75,52.9,648.8,5.43,27.1,0
2086.7,1531.4,4.98,59.8,1357.1,8.09,29.8,0
2346.5,1348.0,10.4,75.7,2621.8,6.13,29.0,1
1959.8,1074.1,1.77,63.8,1842.6,6.47,26.0,0
2114.5,1336.4,1.4,39.4,1604.4,9.71,25.7,0
2736.9,1995.6,6.81,91.2,1671.9,6.18,24.0,1
1916.1,1343.3,9.45,83.6,1188.7,3.8,26.4,1
1155.7,865.2,1.28,81.3,3096.9,6.91,24.6,0
3337.2,1524.3,7.22,67.7,850.3,6.59,31.9,0
3097.9,1499.0,7.74,80.1,1668.7,0.14,24.4,1
1360.0,860.7,0.2,66.5,1592.0,4.67,28.5,0
2648.3,1843.7,8.4,77.5,2307.0,7.43,28.2,0
1873.1,1003.2,8.63,64.0,2382.5,4.99,31.8,0
2371.3,1237.2,5.06,93.2,1474.4,7.8,32.4,0
2391.2,1640.6,9.76,56.2,1732.5,4.51,30.8,0
2047.6,956.1,9.41,89.8,1762.8,9.83,29.4,0
1690.6,948.1,6.31,75.5,50.0,2.93,23.8,0
1751.1,1053.7,4.65,69.1,228.8,0.92,23.7,0
1604.5,991.7,3.08,77.0,1015.9,4.3,24.6,0
1659.3,1109.4,5.89,83.8,1050.7,5.42,31.0,0
2156.3,1199.9,7.71,91.4,540.6,3.49,28.3,0
1734.8,1099.5,5.03,78.8,2099.7,2.42,31.5,1
2643.3,1653.7,0.2,64.3,1501.7,6.72,32.0,0
3166.7,1945.3,9.81,75.7,1328.2,3.77,25.1,1
1823.0,1170.6,6.57,96.8,495.1,6.31,28.1,0
2355.6,1243.4,4.86,91.2,1464.4,7.79,27.9,0
2524.8,1200.3,8.57,85.9,50.0,7.61,26.7,0
2506.8,1217.8,10.57,84.5,1369.6,3.75,25.9,0
2249.4,1163.8,0.2,83.4,1550.5,5.68,32.7,1
2682.7,1609.8,7.3,88.9,1693.5,4.5,28.2,1
2513.5,1764.8,1.72,69.5,248.7,8.71,28.1,0
1395.5,921.6,7.5,58.7,1679.9,8.79,24.8,0
2765.0,1898.7,6.38,75.8,666.9,3.44,30.7,0
2776.7,1541.9,7.91,65.2,850.0,0.92,24.0,0
1703.9,973.6,4.5,62.3,2074.3,1.68,29.8,1
2224.7,1263.8,0.38,66.4,3111.3,3.67,29.9,1
2644.2,1342.1,4.65,100.0,1541.1,5.64,26.3,1
2063.9,966.7,7.22,76.6,846.3,6.57,29.3,0
2897.4,1817.5,9.05,79.3,1650.9,3.31,28.7,1
3736.5,2790.3,2.48,60.3,2251.2,6.67,27.8,1
1689.1,844.6,9.08,52.9,1996.8,9.38,28.1,0
1302.3,604.3,4.06,65.2,3694.5,6.52,28.2,0
2397.5,1639.5,7.09,92.3,927.7,1.59,28.5,1
2669.0,1403.3,4.47,79.0,1701.8,5.8,28.2,0
2049.9,1432.7,6.55,82.2,2739.1,5.42,23.6,1
3144.6,2079.2,8.68,83.9,2688.9,8.71,27.4,1
1329.9,975.8,2.32,67.9,50.0,3.5,29.1,0
2650.4,1517.8,3.96,91.7,1497.3,4.23,28.4,1
1806.2,1171.5,6.55,67.4,2687.6,5.99,31.8,0
3317.6,1955.6,13.2,91.9,3812.5,5.24,30.5,1
3495.1,2234.0,3.41,80.3,2063.0,7.19,24.5,1
1701.7,995.3,12.12,53.5,1205.7,0.4,27.3,0
1842.8,933.5,12.01,66.0,692.6,5.64,26.8,0
2758.7,1661.8,5.71,53.6,3275.0,1.22,28.0,1
1948.4,1185.7,5.11,89.0,2083.0,3.15,28.0,1
2170.5,1504.5,3.92,74.7,821.5,6.62,30.4,0
2216.5,1486.5,5.8,48.3,1337.5,1.57,28.7,1
952.2,618.1,1.78,79.5,1748.1,3.09,32.9,0
2191.0,1060.5,5.77,68.6,1935.0,7.03,29.0,0
1751.7,1166.9,10.49,57.2,780.3,6.51,24.7,0
1879.5,1127.9,4.17,95.1,1008.6,0.91,26.1,1
3138.4,2254.1,5.28,76.3,177.7,5.77,30.4,1
1383.3,1004.2,0.9,71.5,2331.8,1.47,21.5,1
2728.6,1273.0,7.12,70.2,1226.7,2.52,22.6,0
2018.7,1405.4,6.79,56.8,1873.1,4.59,28.0,0
2018.2,931.0,6.19,59.3,2637.8,1.09,31.8,0
2713.7,1520.1,5.35,90.4,1675.9,9.94,33.2,0
2421.0,1483.3,5.12,69.3,1409.6,1.65,27.1,1
2570.9,1271.1,7.51,75.3,1655.1,7.81,32.2,0
2829.3,1906.7,5.91,50.5,1550.6,8.3,28.3,1
1984.6,898.1,6.94,59.2,2496.9,9.94,21.9,0
1802.0,902.1,6.64,82.3,1748.7,4.29,28.0,0
1494.7,933.0,9.37,79.5,1064.5,8.74,25.5,0
1663.5,1105.1,8.03,96.0,2338.3,9.58,31.7,0
4116.9,2984.7,6.58,91.1,2484.4,1.73,27.9,1
3009.0,1990.9,10.56,72.2,429.3,4.79,22.9,0
1321.8,861.2,7.26,80.7,2726.2,0.6,22.0,1
1340.4,761.8,9.91,71.2,1791.8,6.21,27.9,0
2513.2,1131.9,7.82,99.7,1726.6,5.81,18.3,0
2555.7,1242.2,0.47,88.8,2305.3,2.04,25.9,1
2556.8,1560.6,9.91,77.0,1046.4,7.98,28.9,0
2034.3,1327.4,6.41,77.4,2263.3,0.37,23.8,1
2118.5,1218.6,5.84,92.3,1198.6,8.06,32.0,0
2413.1,1614.9,6.84,82.0,320.0,0.27,32.8,1
2255.8,1368.3,4.97,93.7,701.8,6.57,23.9,0
757.5,357.7,6.68,48.7,1953.6,0.79,26.8,0
2050.6,1040.9,4.22,80.5,743.6,2.51,32.0,0
1646.6,1155.9,9.82,68.8,2788.1,7.22,28.0,0
2313.9,1544.5,5.66,96.1,2451.4,2.8,22.4,1
4140.4,2974.6,4.85,93.6,2566.8,5.11,27.4,1
2438.9,1183.5,3.23,75.4,1599.8,9.15,24.6,0
1996.2,1491.3,6.81,93.4,1706.3,0.5,32.4,1
2799.2,1435.5,6.56,96.4,545.0,8.11,30.4,0
2513.7,1140.1,7.17,75.9,2296.6,0.65,26.7,1
2473.1,1852.9,2.92,100.0,1803.9,1.27,28.6,1
2594.5,1386.3,1.2,74.6,1953.8,1.19,22.8,1
3536.8,2300.3,7.88,72.4,2850.6,9.94,25.0,1
1464.9,736.9,10.45,85.4,1015.2,1.8,34.2,0
2507.9,1565.1,2.92,70.8,1399.1,8.97,28.2,0
1597.9,1152.4,10.77,76.0,1761.3,9.91,31.7,0
2561.1,1398.5,6.85,91.9,751.7,3.84,28.9,0
1602.9,1043.6,5.98,75.2,1349.9,6.31,33.3,0
1928.7,976.6,4.81,54.7,1894.4,7.79,20.0,0
2008.2,1280.1,1.85,79.4,1239.7,3.93,27.2,0
2834.3,1561.5,8.96,66.6,2547.2,1.62,34.6,1
2797.0,1435.9,3.67,85.4,291.3,4.34,31.8,1
1390.3,756.3,3.66,83.4,2398.2,7.72,33.3,0
2235.7,1126.0,8.98,92.7,2028.9,7.81,28.0,0
1738.8,1252.9,0.35,85.9,1044.9,2.31,25.9,1
1382.0,786.6,1.43,88.1,760.5,1.75,23.9,0
2058.9,1078.0,5.95,67.0,50.0,9.21,23.6,0
1999.5,1168.7,6.88,84.6,863.9,0.44,31.2,1
3777.4,2063.0,7.45,98.6,2337.7,7.35,30.1,1
2481.4,1670.8,5.09,66.7,1455.1,0.46,27.7,1
1304.5,967.1,13.59,96.6,2430.4,8.38,30.0,0
1832.9,1065.7,5.32,68.4,1004.1,9.05,28.6,0
2863.9,2028.5,5.31,64.8,2065.7,2.97,31.8,1
3557.5,2204.8,3.61,78.6,926.0,0.74,31.8,1
1169.1,581.2,6.37,83.6,727.5,4.81,23.7,0
978.0,642.8,7.84,85.9,1414.3,2.98,29.1,0
3416.1,2063.4,9.61,63.5,968.0,4.17,21.3,1
2453.2,1582.8,1.53,80.2,265.7,6.65,28.5,0
1635.6,1172.6,5.26,66.8,1354.1,2.1,30.4,0
2547.5,1483.0,7.34,57.1,1585.1,3.57,22.7,1
486.8,350.6,7.76,63.9,2514.7,7.83,26.3,0
2202.2,1486.9,6.02,66.0,2249.4,6.44,28.0,0
2413.1,1439.6,7.63,81.3,2476.0,3.26,28.9,1
2800.8,1767.2,3.57,88.8,2076.3,6.64,26.9,1
1541.0,843.9,10.67,57.3,1766.1,7.65,23.3,0
2255.7,1680.7,8.98,79.2,516.8,5.92,27.8,0
1598.5,1039.3,1.97,60.9,1619.9,2.39,21.4,0
2366.0,1095.8,2.77,82.5,1977.4,0.0,27.1,1
1618.0,886.7,2.86,67.5,2666.0,8.03,26.2,0
1934.7,1232.4,8.03,62.4,2049.0,8.23,27.5,0
1552.7,725.0,2.15,84.6,2492.3,6.98,25.8,0
2623.2,1199.3,5.01,68.0,674.4,0.77,22.0,0
2758.0,1613.4,7.36,71.2,1238.9,5.85,26.5,0
2047.5,1125.7,5.8,48.4,1843.5,8.21,31.7,0
2224.9,1293.7,6.78,86.4,2428.8,3.9,33.0,1
1258.4,665.5,2.8,84.9,1383.8,1.98,37.8,0
2005.2,1001.4,7.78,75.1,1434.0,5.88,34.8,0
2167.4,1423.4,4.16,56.7,2049.7,8.26,23.2,0
3903.5,2359.2,5.03,89.5,599.3,0.49,26.4,1
1477.2,753.5,6.71,67.0,2785.9,5.97,27.9,0
3151.7,1720.4,6.31,69.6,796.7,6.43,27.7,0
2848.0,1787.2,6.07,100.0,50.0,6.02,28.3,0
2382.4,1123.7,3.75,66.6,1508.1,6.5,37.6,0
3343.1,1652.3,5.1,83.9,2858.8,6.31,23.7,1
2441.9,1152.5,6.01,81.7,1969.2,1.3,25.1,1
2453.0,1701.6,1.87,79.7,2100.9,2.35,34.6,1
2165.5,1463.3,4.61,78.4,1533.1,6.19,25.5,0
2995.3,2024.8,7.16,79.5,1378.1,0.18,29.6,1
2912.7,1936.7,2.17,78.3,264.1,6.35,32.1,0
1793.3,1167.1,9.47,74.4,50.0,6.65,29.9,0
1342.5,796.2,9.81,93.1,1657.0,2.39,28.8,0
2068.1,1329.1,2.26,59.2,2550.0,5.98,31.8,0
1680.0,775.3,10.07,87.3,1775.3,5.34,24.4,0
2158.7,1373.9,5.57,84.9,1998.9,2.61,26.0,1
3004.3,2053.1,7.26,83.4,2767.0,4.63,30.1,1
1902.8,1141.9,4.51,88.4,1763.0,9.1,19.7,0
2172.2,1210.4,8.77,73.9,1401.9,4.27,33.7,0
2237.7,1193.2,7.22,52.6,845.2,6.3,29.2,0
2751.5,1768.8,3.56,74.1,3117.8,0.35,28.6,1
739.5,486.5,2.5,63.1,1921.2,0.78,21.5,0
1805.6,1284.3,1.62,66.2,745.1,0.81,22.9,1
2337.3,1291.8,6.56,60.1,563.1,7.78,26.4,0
2980.1,2029.2,7.72,69.3,2502.5,3.5,31.2,1
1880.3,1162.8,7.95,67.8,670.0,2.28,19.7,0
980.2,700.7,5.65,46.5,2983.1,7.47,31.2,0
2602.8,1583.4,2.53,83.4,50.0,1.7,26.6,1
1787.0,1081.7,3.95,100.0,2638.1,2.46,27.1,1
1426.7,889.4,9.46,82.3,1889.5,4.31,29.0,0
1794.2,1210.7,4.55,72.6,1594.9,3.31,29.1,0
2080.1,1538.0,6.43,74.3,1359.6,5.85,25.2,0
1806.9,853.0,2.77,69.9,3012.6,3.38,30.5,1
766.4,357.2,7.01,76.1,2065.6,3.93,18.7,0
2783.1,2035.2,4.63,74.6,777.4,8.63,26.2,0
3028.7,1844.3,9.14,64.9,124.9,8.85,28.6,0
2623.5,1664.5,8.32,95.2,1641.8,8.28,26.6,0
1460.5,868.6,4.51,57.2,1499.1,8.65,20.7,0
2069.0,989.2,5.62,83.6,284.1,5.7,31.0,0
2195.8,1494.1,4.35,73.8,1455.7,6.46,23.0,0
2589.2,1745.6,1.74,97.8,1040.9,5.57,27.7,1
2634.4,1431.8,3.43,79.1,1507.4,7.86,28.6,1
1722.8,933.5,6.59,70.7,2080.7,5.51,28.1,0
2253.3,1580.4,6.98,72.0,2694.1,1.11,32.7,1
2497.2,1178.0,6.45,75.5,2227.1,8.1,27.8,0
3146.3,2247.5,5.09,61.3,922.8,7.61,29.7,1
2657.9,1400.7,8.8,65.8,1795.1,8.2,27.8,0
2712.9,1703.4,6.19,53.6,1550.5,1.9,30.5,1
2254.5,1647.6,8.11,63.9,434.3,2.72,33.6,0
3116.8,2036.6,0.68,76.1,1818.6,2.96,28.6,1
2466.3,1416.5,0.2,78.6,2985.3,5.08,31.1,1
1640.3,1077.4,6.85,51.2,1525.9,1.34,33.8,0
3112.2,1721.6,1.73,73.4,224.7,3.85,33.4,0
2653.6,1414.9,5.36,81.8,1524.2,1.82,26.5,1
1912.0,1432.1,5.09,73.0,529.0,2.65,32.1,0
1888.3,1275.1,10.76,67.4,2190.9,7.06,29.0,0
2392.8,1539.5,7.2,70.1,1919.9,8.55,32.5,0
2501.1,1392.1,6.5,68.5,1363.3,0.23,30.3,0
2328.2,1082.0,8.51,67.4,1235.1,5.66,29.1,0
2402.4,1103.4,7.11,77.1,1330.2,0.36,29.7,0
3305.0,2036.7,4.63,100.0,1506.6,0.85,29.0,1
2896.5,1965.6,9.21,66.1,882.2,7.05,29.2,0
2323.9,1420.4,2.67,71.2,389.8,7.36,27.4,0
2811.9,1974.6,6.97,74.4,2411.0,8.14,27.0,1
1528.9,703.3,1.36,66.8,1191.7,4.74,35.1,0
2458.7,1376.9,6.61,88.2,1633.6,8.6,29.9,0
3376.0,1759.3,6.58,46.5,1728.2,1.67,25.7,1
2058.3,1202.4,11.03,68.6,1757.6,2.5,26.9,0
1649.0,777.9,1.31,84.8,560.9,1.35,32.2,0
1776.1,1307.7,4.2,71.5,159.3,7.98,25.1,0
1491.7,771.2,8.47,65.1,1029.0,2.29,22.1,0
1689.9,1228.0,7.01,80.3,1816.6,1.56,22.4,1
1959.2,1131.9,6.54,85.9,917.6,6.23,21.1,0
1286.4,959.2,3.13,77.5,1216.1,0.77,22.8,0
2210.2,1361.9,4.23,65.4,3201.8,0.45,23.3,1
2786.5,2032.0,9.74,80.5,50.0,1.07,33.5,1
1610.0,727.1,5.85,70.2,896.0,0.0,27.8,0
3187.5,2149.9,7.13,83.9,3017.3,6.97,26.5,1
2532.0,1825.4,5.65,92.8,1464.3,5.62,22.2,1
2869.9,1411.7,2.45,43.7,935.2,2.1,27.4,0
1772.4,848.7,8.8,76.3,2435.0,2.33,21.1,1
2755.4,1590.9,7.51,54.2,1544.2,8.11,26.5,0
1490.2,1088.0,12.92,100.0,1221.4,5.02,36.3,0
2778.7,1702.5,2.95,69.4,1653.9,6.99,30.7,0
2311.7,1406.1,8.47,84.0,973.5,4.53,27.2,0
2559.6,1260.2,2.07,74.6,686.0,2.38,30.8,0
1435.9,646.5,6.47,65.4,1409.1,9.7,25.9,0
1618.2,1121.5,8.93,63.9,691.2,5.66,24.8,0
2588.2,1232.7,0.2,94.0,1508.6,1.31,34.8,1
1583.6,1013.7,5.39,86.5,1783.5,4.06,23.4,0
2501.1,1811.7,4.31,98.3,2182.4,3.29,26.6,1
1311.4,672.2,3.89,75.7,2402.3,2.14,29.2,0
2751.3,1787.2,7.16,78.5,1175.4,9.33,24.3,0
1398.9,662.5,9.36,71.8,1899.5,8.81,30.6,0
2559.0,1615.0,5.6,71.6,1894.0,1.99,26.8,1
2606.7,1301.2,6.62,62.5,1762.3,3.52,30.7,1
1747.1,1171.9,6.34,76.0,1116.4,7.62,30.3,0
2578.3,1393.2,6.01,65.5,677.5,2.09,27.0,0
2369.3,1395.6,2.73,80.3,1901.6,5.92,34.8,1
1849.8,1165.0,9.33,77.0,134.5,7.0,25.3,0
1544.4,774.4,6.89,78.5,1285.7,6.54,33.4,0
924.3,621.6,7.18,95.1,50.0,7.06,32.7,0
2427.3,1312.6,3.58,74.5,430.9,7.07,35.1,0
1182.9,767.3,4.62,84.1,798.3,9.65,28.7,0
2262.0,1125.3,5.47,99.6,2377.4,3.46,24.8,1
2028.8,1331.7,1.4,90.7,2050.5,8.79,36.3,0
2641.4,1290.2,0.94,88.8,1056.9,0.22,26.7,1
2003.7,1157.3,4.2,71.3,2083.5,2.88,24.7,1
1985.9,1040.9,7.57,77.8,2210.1,0.49,27.2,1
2675.7,1804.8,4.04,59.2,1371.5,6.51,24.1,1
2417.8,1278.1,2.94,81.0,392.5,1.01,30.1,0
2405.5,1718.8,3.56,78.3,1333.7,8.46,25.6,0
2505.0,1797.5,4.63,75.3,1421.7,6.47,26.9,0
1201.9,611.7,4.94,87.3,514.0,0.29,31.9,0
2691.9,1707.1,12.5,60.5,1793.6,7.15,30.5,1
2598.1,1237.5,9.16,94.6,1723.8,8.62,28.1,0
1539.2,873.4,9.07,85.8,1856.0,6.61,28.7,0
2041.3,1355.4,9.51,74.2,1723.1,0.31,28.0,1
2174.5,1408.7,3.0,73.2,2083.9,8.58,26.3,1
2112.6,1346.6,2.33,80.8,1356.5,7.32,28.0,0
2417.0,1292.5,2.68,93.3,1661.4,3.78,30.0,1
3130.4,1763.7,10.0,76.2,1181.8,3.29,27.5,1
2903.1,1396.1,4.36,76.7,1032.4,4.8,29.7,0
1347.1,896.7,2.25,75.2,2570.6,8.67,24.7,0
2604.3,1565.6,4.71,96.4,50.0,2.52,25.6,1
3063.8,2030.2,5.28,70.6,2201.4,1.01,25.1,1
2451.4,1286.2,6.81,74.6,1003.6,8.65,25.7,0
2909.1,1592.3,6.75,92.6,900.0,0.26,33.1,1
3508.0,1930.3,3.52,76.8,1709.3,9.11,30.9,1
2865.4,1311.6,8.06,88.6,308.3,3.06,23.7,0
2362.1,1304.6,4.08,64.1,847.2,5.08,29.7,0
2879.3,1989.6,5.53,72.5,820.7,1.32,26.4,1
2294.2,1649.9,8.06,92.8,1322.9,9.02,25.3,0
2215.5,1341.4,4.07,66.9,856.7,7.5,22.1,0
1971.6,1156.6,4.29,73.2,2780.9,9.24,31.9,0
3216.2,1477.0,7.78,78.1,2937.6,6.83,22.5,1
1668.0,1190.6,3.43,63.1,50.0,1.85,27.8,0
3196.0,1450.7,4.85,70.0,1935.5,3.08,24.2,1
2524.9,1851.8,7.67,76.4,2186.9,4.87,31.1,0
1290.5,770.1,12.16,75.6,1934.4,6.07,26.7,0
2439.0,1347.7,7.82,90.4,973.5,9.26,27.5,0
835.0,607.3,7.42,93.5,1304.7,3.84,27.6,0
2606.6,1192.0,7.59,64.7,901.4,7.03,29.2,0
2775.4,1733.0,2.78,76.3,1163.8,9.61,28.1,0
1815.0,1115.6,6.35,83.1,532.0,1.52,27.8,0
2280.3,1176.2,5.91,93.2,1408.2,8.63,25.9,0
3470.2,2008.1,6.96,83.6,297.8,4.21,21.7,1
1871.3,1208.2,6.35,78.5,1339.9,7.32,23.5,0
1511.7,1010.0,7.14,83.0,501.1,2.94,30.9,0
3163.1,1424.1,5.07,83.1,1665.5,3.34,26.8,1
3475.7,2540.9,6.18,63.9,956.5,0.27,25.3,1
2202.4,1099.8,2.32,77.3,1732.5,9.71,22.4,0
2857.5,1486.1,5.04,92.5,2365.3,8.13,21.1,1
3072.0,1625.2,10.17,72.5,2771.6,0.94,25.2,1
1717.4,792.3,6.96,76.6,50.0,10.0,31.6,0
1884.6,917.6,5.94,72.1,832.6,6.05,25.8,0
3000.1,2237.8,11.69,47.2,1257.5,8.54,29.6,0
3295.3,1794.5,1.92,75.2,1868.3,0.67,25.6,1
2565.9,1243.4,2.67,78.6,179.7,3.89,30.6,1
1628.1,784.9,11.14,68.9,714.3,6.7,26.6,0
3491.6,2324.8,6.14,61.1,1604.3,1.06,23.1,1
1854.9,1310.2,5.27,64.4,1567.9,4.89,26.9,0
1982.2,1044.8,2.4,84.2,1802.1,4.43,35.3,1
2422.5,1105.3,7.34,98.7,1854.9,2.16,35.2,1
3210.2,1659.4,7.63,91.6,1770.9,3.0,29.9,1
2755.1,1286.5,2.72,58.9,1654.9,9.67,27.5,0
2469.7,1188.0,5.58,85.3,1544.6,2.89,29.2,1
2501.1,1449.3,4.99,67.0,2031.8,2.13,29.3,1
2228.3,1156.4,6.77,68.0,50.0,5.36,27.8,0
2562.8,1549.9,2.64,69.5,2735.5,6.71,29.8,1
555.8,292.4,9.76,83.5,50.0,7.25,28.8,0
2007.2,1469.6,8.75,86.5,636.7,7.54,26.7,0
2356.9,1701.1,4.91,73.8,1318.6,0.37,23.2,1
1451.8,900.2,5.35,74.0,2038.1,3.94,26.2,0
2451.1,1363.6,5.59,80.6,50.0,7.74,31.2,0
2067.1,1166.6,3.67,81.8,1477.5,9.05,27.9,0
3341.1,1916.3,4.67,89.1,2133.9,6.02,29.2,1
3222.5,2153.5,5.19,59.6,2295.6,0.52,26.9,1
1897.2,1110.8,10.84,75.2,942.1,3.97,23.8,0
2102.0,1486.1,8.84,62.2,1259.3,0.74,27.0,1
2151.9,1577.9,8.8,74.4,1007.1,7.49,23.9,0
1906.4,1050.0,7.11,72.3,1185.9,0.64,23.7,0
2326.8,1438.4,2.65,74.4,674.5,1.86,32.8,0
1707.1,816.9,5.88,65.4,788.6,4.17,26.3,0
1465.1,747.4,8.91,57.2,1847.5,4.63,25.0,0
2604.8,1495.2,2.23,49.9,1605.3,4.06,34.5,1
2609.2,1335.5,7.91,73.4,1893.3,4.63,31.3,1
1677.2,1195.8,12.97,69.8,1671.2,7.13,26.5,0
2782.0,1384.0,9.19,66.9,2063.5,3.69,29.7,1
1789.5,1049.9,10.24,90.9,2202.6,5.48,27.1,0
2364.6,1493.7,6.66,64.7,106.6,3.03,25.2,0
2733.2,1797.3,8.9,92.0,816.6,3.54,29.9,1
2178.2,1230.5,3.85,94.5,1314.9,6.14,26.7,0
2495.6,1773.7,8.39,51.6,1481.9,4.9,28.3,0
1864.3,1156.8,7.96,76.1,963.9,7.23,32.1,0
2072.3,1205.8,6.87,70.2,2229.6,5.61,31.6,0
2066.2,971.5,9.95,40.1,3084.0,8.04,25.8,0
1714.7,1010.7,4.38,57.7,1648.9,4.43,29.9,0
2085.1,1451.7,5.44,84.3,1567.5,4.91,23.5,0
1193.4,757.0,6.29,99.2,2179.6,6.7,29.8,0
1880.8,1315.9,2.91,85.8,50.0,2.21,28.6,0
2014.8,1205.3,6.68,78.9,1522.8,3.86,29.5,0
2033.5,987.3,0.84,74.7,2283.2,6.25,26.8,0
2043.0,927.7,9.14,95.2,985.5,0.29,36.3,0
2159.9,1168.4,6.14,100.0,518.8,4.37,24.4,0
2511.6,1656.2,4.44,68.0,1351.4,5.99,31.9,0
2768.4,1902.1,3.5,51.0,1451.5,9.67,23.9,0
1777.7,957.7,5.3,49.8,773.1,8.77,30.0,0
1417.9,848.9,8.06,90.9,3176.9,2.81,30.3,1
1522.7,877.6,7.64,74.4,1117.0,5.07,28.2,0
1883.3,1079.4,3.88,77.2,577.1,0.56,26.0,0
1971.3,1023.9,3.46,53.5,1425.1,2.41,28.6,0
1699.5,834.3,7.97,66.0,2226.3,7.75,29.1,0
1357.5,691.0,3.83,71.5,1513.9,1.23,35.2,0
1903.5,888.2,6.18,77.5,1888.5,2.58,24.5,0
2317.9,1180.8,6.37,70.2,802.8,9.44,25.8,0
2586.8,1171.2,6.94,62.6,2690.2,8.24,29.1,0
1837.7,1172.8,8.57,65.6,1949.4,7.82,27.0,0
1931.6,1052.5,2.21,89.5,2338.2,8.65,27.6,0
1597.6,1185.4,0.27,77.9,1792.1,7.5,32.3,0
2179.6,1107.5,4.3,82.3,2159.9,1.21,16.7,1
1648.5,912.9,11.4,64.2,801.6,5.17,25.6,0
2572.5,1433.8,12.07,39.6,1106.9,4.44,21.0,0
1039.2,470.3,11.49,68.7,2577.2,3.11,23.2,0
1966.2,1379.8,5.42,64.6,2747.8,8.34,37.6,1
2395.7,1101.1,0.65,79.2,582.3,4.64,30.4,0
2319.5,1698.0,0.2,100.0,1699.8,0.6,31.8,1
3950.5,2834.9,4.16,83.3,1155.2,2.75,27.7,1
2427.4,1482.3,5.41,100.0,942.4,2.29,31.0,1
1547.4,948.7,9.9,81.8,1727.9,8.87,20.9,0
2137.9,1381.4,8.6,67.4,2412.8,6.47,32.2,0
1045.4,591.8,6.68,79.2,1861.3,5.6,24.7,0
2147.6,1383.4,3.33,96.4,1244.4,5.07,25.9,1
1658.5,768.6,3.12,97.0,1911.9,6.5,30.0,0
2795.0,1303.1,6.76,68.1,1212.0,7.55,29.3,0
1842.8,1082.0,8.09,78.0,1829.7,5.54,28.3,0
2124.1,1306.1,7.18,57.8,2617.2,9.38,22.5,0
1786.9,1280.0,2.9,84.9,50.0,9.77,28.4,0
3330.3,1603.2,7.95,93.6,2137.8,9.95,31.8,1
1991.2,1387.5,7.28,75.5,268.8,6.69,25.9,0
3391.2,1739.7,2.79,67.0,2482.7,9.33,33.3,1
2729.2,1550.8,3.65,79.3,990.4,4.04,24.5,1
2513.3,1369.7,8.07,80.0,525.9,8.6,28.0,0
2439.7,1390.7,5.3,76.0,2056.2,9.09,34.1,0
2456.0,1216.1,10.77,77.1,1791.3,9.04,25.3,0
947.0,569.2,7.5,72.9,700.7,8.31,32.2,0
2018.7,1393.9,4.54,87.0,497.6,4.07,35.9,1
2749.4,1601.4,5.97,83.8,1350.0,1.59,28.7,1
2168.2,1294.8,6.19,63.2,536.7,3.34,25.9,0
1286.6,906.6,3.81,62.9,650.8,7.67,24.9,0
2165.9,1433.5,3.26,71.9,1592.5,2.33,33.2,0
3307.7,1975.1,8.1,83.8,727.3,4.78,33.1,1
3010.5,1587.5,8.54,76.8,1841.2,5.65,33.8,0
2159.7,1545.2,7.81,67.3,2692.1,6.04,27.9,1
2818.4,1756.2,10.55,78.1,1381.2,9.36,32.2,0
1961.8,1012.9,4.37,71.0,1604.1,6.61,27.8,0
1092.5,579.8,11.02,85.6,3114.5,7.86,24.5,0
1599.1,1104.9,3.3,79.0,549.9,5.82,32.5,0
3215.9,1489.7,2.96,71.2,2453.0,8.34,34.5,1
2021.9,1511.6,0.72,77.8,2356.7,2.64,23.9,1
2041.8,998.7,4.66,90.8,2183.5,2.1,23.8,0
2005.1,1381.2,4.49,68.2,2533.4,9.26,28.2,1
3437.7,1954.1,7.58,79.8,1724.5,6.93,31.8,1
3256.9,1946.5,6.73,74.2,1033.7,6.72,23.5,1
3642.2,2601.2,2.42,80.1,2375.7,4.67,28.9,1
2096.6,1203.2,4.82,67.1,2406.3,3.77,25.6,1
2392.2,1462.2,4.89,76.3,2384.3,5.56,30.8,1
1214.2,564.3,0.67,88.3,1535.6,1.21,24.8,1
3160.0,1424.2,3.06,63.8,927.0,4.55,31.1,0
1440.9,754.2,3.69,59.0,1653.1,4.55,27.4,0
2340.9,1531.4,10.3,59.5,2253.8,5.38,24.3,0
1486.8,723.1,6.57,61.0,2319.5,6.35,28.3,0
1817.2,879.8,7.99,82.1,1156.3,9.57,20.2,0
1655.8,949.2,1.5,58.1,1752.3,6.52,25.8,0
1804.9,1163.0,9.58,71.4,453.0,8.84,29.3,0
1849.6,1227.4,9.9,82.4,2288.0,5.56,20.9,0
1843.6,928.3,0.2,80.0,873.4,6.27,17.7,0
2741.7,1299.2,3.88,70.4,2128.2,0.7,18.6,1
1481.8,1084.9,7.49,77.3,580.6,1.33,33.3,0
2343.4,1237.8,7.93,76.3,2325.1,5.8,27.7,0
2991.7,2112.1,3.96,72.3,1757.5,3.96,25.9,1
1866.4,1323.4,5.08,72.5,874.9,7.99,31.8,0
1733.4,1181.7,4.21,100.0,2053.1,5.43,26.4,0
2050.2,1026.4,6.33,84.7,1027.7,8.82,29.1,0
2966.8,2066.5,9.59,100.0,2099.6,9.72,28.1,1
2326.2,1583.6,3.69,69.0,1280.7,1.48,26.1,1
1854.7,1166.6,9.0,74.0,123.2,3.95,29.2,0
2514.5,1385.9,3.65,59.0,714.1,6.65,31.1,0
1483.5,784.4,3.46,65.3,1155.7,3.05,27.3,0
2642.9,1285.9,8.46,97.8,2594.6,2.67,26.2,1
2465.6,1486.6,8.77,68.7,2220.9,8.14,26.6,1
1999.9,1251.1,8.55,98.0,2799.1,9.8,18.8,1
1654.9,923.1,2.05,60.1,2822.9,7.74,29.1,0
1623.7,962.2,4.6,62.4,1072.2,5.24,23.2,0
2547.6,1424.3,8.47,70.9,1349.2,4.43,30.5,0
2998.8,1926.2,6.12,74.2,1171.0,5.4,27.6,1
1785.7,1286.4,2.78,86.1,962.8,4.63,28.4,0
2498.0,1246.9,7.37,80.4,50.0,5.03,30.8,0
843.4,476.1,3.86,70.0,1488.2,2.03,24.3,0
1820.0,895.9,11.38,73.4,471.5,9.04,29.5,0
2179.8,1389.6,10.63,71.2,1472.7,7.55,29.1,0
1608.7,1075.7,7.81,64.0,3192.6,6.81,27.3,0
1591.3,1160.9,10.08,64.3,1092.5,9.5,24.3,0
1765.9,942.4,6.19,87.3,1655.8,2.84,30.4,1
2389.9,1756.7,8.3,53.1,2225.3,0.81,30.8,1
2078.2,974.6,10.43,94.4,1724.2,8.26,28.5,0
745.1,470.1,6.74,70.9,1734.0,9.98,23.7,0
821.5,383.8,5.23,65.7,1210.1,5.78,25.9,0
1805.5,1296.6,0.89,83.9,1314.5,0.59,27.8,1
2497.5,1520.8,5.75,92.8,732.0,7.8,30.8,0
414.1,269.5,8.47,88.4,2176.8,0.74,21.7,0
1875.2,1311.6,8.84,81.0,106.8,5.4,25.7,0
1857.9,919.9,7.51,88.0,2276.9,2.78,26.4,1
3102.4,1432.0,4.38,54.4,377.0,9.15,27.7,0
1949.7,1391.5,0.2,68.7,2270.1,4.51,22.8,1
2448.9,1333.4,4.51,64.1,1216.9,8.98,27.1,0
2291.8,1120.0,5.09,89.7,514.5,2.99,26.8,0
815.1,481.4,5.06,70.4,1963.4,3.87,23.8,0
2699.3,1699.2,7.86,85.1,2243.0,9.47,27.5,0
2340.0,1074.7,11.96,81.4,1149.5,2.01,25.8,0
2530.4,1347.3,6.37,64.7,2076.5,5.79,30.0,0
4500.0,2069.3,5.35,68.0,50.0,3.89,24.5,1
845.3,487.0,5.22,90.5,443.5,7.74,28.4,0
3321.1,2386.3,6.37,65.7,2533.9,1.29,24.8,1
2013.2,1499.4,3.52,76.5,1321.1,4.37,25.6,1
2386.8,1530.2,6.36,65.6,50.0,6.99,29.2,0
2170.4,1081.9,7.35,71.2,940.9,4.07,28.9,0
1924.2,1388.8,6.63,74.4,761.3,0.59,26.3,1
1829.6,1106.7,7.37,65.6,1367.2,7.05,26.9,0
2414.2,1197.7,7.3,63.5,1203.4,5.03,22.2,0
1213.8,881.9,0.68,78.4,1643.1,0.11,33.6,0
2687.9,1820.3,7.91,64.9,1444.4,6.13,30.7,1
1929.5,1291.8,3.99,65.3,2587.8,9.2,30.6,0
1465.5,971.2,2.71,63.7,1839.6,1.11,21.6,0
1907.5,973.0,2.69,74.1,1866.1,5.91,25.6,0
3017.1,1548.7,7.3,86.3,2432.1,7.29,26.7,1
1852.0,1215.8,5.33,93.1,1189.0,0.71,20.3,1
2433.0,1255.2,0.95,66.3,490.5,0.23,31.6,1
1724.9,1003.2,7.43,100.0,2465.6,4.64,33.8,0
2692.6,1843.4,1.68,62.9,1608.7,7.91,36.2,1
2645.6,1812.7,6.42,88.0,1611.5,1.61,23.8,1
3401.6,1993.3,6.72,66.3,993.3,8.37,28.5,0
2085.9,1434.4,8.66,64.5,1006.5,6.57,33.3,0
2634.6,1848.4,11.35,66.1,2177.4,3.32,27.0,0
2263.7,1463.4,1.91,74.4,2287.7,5.16,25.7,1
3042.3,1577.5,5.84,82.0,2127.1,9.66,20.5,1
1732.8,922.2,5.17,83.0,2134.4,2.16,32.5,0
2684.3,1461.4,7.3,63.7,1955.2,5.0,27.9,0
2073.4,1005.7,6.65,63.1,1605.2,6.24,25.1,0
2158.3,1148.1,4.94,64.0,1359.7,1.38,29.1,0
2259.6,1158.9,4.68,73.7,2468.3,0.44,28.6,1
2364.0,1386.7,2.65,72.5,1201.0,0.13,28.7,1
2124.5,1535.0,8.96,63.6,1796.0,3.25,27.1,1
2339.6,1126.1,7.38,78.2,856.8,0.74,34.5,1
3225.8,2148.6,8.75,100.0,972.6,8.04,27.5,1
2840.5,1863.9,5.07,68.9,1311.1,9.97,34.5,0
2765.0,1323.7,4.03,69.8,856.8,0.61,30.3,1
1903.9,1383.7,2.77,81.7,2138.3,4.33,29.4,1
1622.0,1006.5,7.08,68.3,421.6,0.26,27.5,0
2820.9,1577.2,2.88,83.0,1579.4,1.34,31.9,1
2769.4,1874.8,11.55,66.4,1606.0,3.23,28.5,1
3157.2,1664.5,2.08,97.0,51.4,3.94,24.3,1
1807.4,1189.4,6.82,79.1,1147.2,9.4,24.1,0
2050.8,947.3,10.7,67.6,1704.6,3.96,29.7,0
1134.3,796.1,7.8,67.9,1843.0,4.96,24.4,0
1944.9,1136.7,6.53,68.8,1336.6,2.46,27.8,0
2847.8,1825.4,3.09,91.5,2041.5,0.0,32.2,1
1896.8,979.4,1.85,59.8,1412.5,8.99,29.2,0
2616.3,1708.8,8.31,67.0,1510.9,0.82,25.1,1
2076.2,1415.3,10.52,68.3,1701.3,9.64,33.6,0
2410.6,1427.0,4.68,74.8,2241.6,1.31,30.2,1
1454.0,923.8,2.58,71.7,959.4,6.05,32.1,0
2255.4,1323.7,0.2,57.1,1110.5,9.99,18.9,0
400.0,287.3,3.06,70.2,964.9,1.38,29.3,0
2078.5,1245.8,5.66,73.8,1234.2,4.24,31.4,0
1140.2,801.0,10.8,67.5,2641.0,7.8,34.8,0
2983.9,2060.1,8.02,83.2,1958.2,0.32,22.1,1
2705.3,1550.6,6.92,86.0,595.1,6.9,32.8,0
2503.3,1299.3,4.8,74.1,1019.6,0.8,34.6,1
3188.7,1823.4,4.25,77.8,1798.2,2.37,19.9,1
1583.2,1104.9,10.22,49.1,774.8,1.6,29.9,0
3335.8,1728.9,6.6,69.9,919.7,9.07,30.5,0
2805.9,1704.1,0.2,87.1,2576.0,1.8,26.7,1
2046.2,1415.6,3.98,69.9,1009.3,0.4,26.0,0
2938.2,1633.7,3.43,66.2,2263.7,5.88,30.7,1
1480.9,951.7,4.36,100.0,2504.3,3.46,25.5,1
1664.1,871.5,7.69,96.8,913.2,4.06,27.1,0
1804.4,871.1,5.68,80.6,788.0,1.19,31.2,0
1856.2,1277.6,5.77,88.7,1279.1,7.48,35.0,0
1513.2,725.9,9.94,48.3,629.1,6.02,30.2,0
2995.0,1591.6,3.91,65.5,1596.8,3.64,28.5,1
2031.7,1435.5,11.59,69.4,1335.5,1.72,25.9,0
2429.1,1345.6,3.99,72.2,1788.5,5.93,24.0,0
1829.3,1357.2,6.27,69.1,2617.6,7.79,32.4,0
1016.6,756.3,5.16,44.4,2154.0,3.12,27.4,0
2375.5,1260.2,6.37,79.6,1891.4,0.26,32.6,1
957.0,442.4,7.33,81.5,50.0,2.14,26.7,0
2155.4,1425.8,7.3,94.2,1854.7,6.82,25.4,0
1310.6,767.1,3.74,65.5,2878.1,9.89,29.7,0
3491.7,1676.8,2.63,64.6,50.0,0.13,27.7,1
2792.4,1849.3,13.51,42.8,2051.5,3.06,23.2,0
2268.7,1042.2,4.55,71.5,1372.5,0.62,35.3,1
3021.4,2148.4,8.1,85.8,820.2,3.16,25.5,1
1649.9,811.1,1.18,67.7,2140.9,4.06,31.7,0
2553.3,1246.5,5.16,100.0,2867.8,9.21,31.4,1
2329.9,1171.2,5.62,71.9,2120.2,0.81,23.0,1
2371.6,1750.4,7.42,76.8,1203.0,7.77,24.0,0
3027.0,1991.6,0.2,58.6,745.2,3.96,26.8,1
2676.1,1847.6,6.5,78.4,1615.7,8.11,24.5,1
2387.7,1359.3,2.55,51.2,2198.5,5.13,34.9,1
1124.3,619.4,6.97,83.3,1190.4,0.39,27.2,0
1576.0,820.0,2.89,83.7,1267.7,9.46,31.6,0
2120.2,1259.8,3.43,91.3,3757.6,0.83,30.1,1
2260.7,1391.6,5.18,62.8,2362.9,5.98,29.1,0
1465.4,937.2,2.84,76.9,2420.1,8.78,28.2,0
3767.6,1986.0,4.57,81.8,331.8,0.8,32.9,1
3185.7,2340.2,2.42,80.3,934.2,5.54,24.7,1
2591.4,1298.1,0.5,64.6,1559.7,8.24,34.9,0
2246.8,1662.0,9.05,46.3,699.1,9.86,22.9,0
2062.1,937.1,2.11,79.2,2780.3,7.24,31.1,1
1581.3,939.8,5.46,73.2,2628.2,2.78,22.4,1
2250.4,1237.7,8.26,68.2,1073.2,7.0,26.7,0
2367.5,1384.4,4.16,84.2,2927.1,7.06,28.4,1
1392.9,865.2,3.52,74.5,1496.6,7.0,26.1,0
2417.2,1403.6,6.68,59.2,3571.5,8.54,27.3,1
2099.1,1205.8,9.35,51.8,1615.7,0.87,22.5,0
959.9,643.0,2.49,61.5,1961.0,1.08,24.1,0
1640.7,1075.9,5.55,100.0,2619.9,6.41,30.0,1
1931.2,1351.8,0.8,83.7,2522.1,9.54,28.1,1
3427.0,1799.1,4.82,77.3,1908.6,4.66,25.2,1
2561.8,1621.2,6.1,72.8,1387.1,9.61,33.3,0
1331.9,833.2,3.44,72.0,1911.3,9.38,23.1,0
2515.9,1411.2,4.63,89.0,847.1,9.03,26.6,0
1194.3,711.6,1.78,69.1,1621.7,9.1,26.0,0
2903.7,1580.0,6.23,81.9,612.6,8.98,30.5,0
1893.8,932.8,9.17,70.8,75.3,8.2,28.2,0
2139.1,1099.8,2.71,98.3,1540.3,6.95,27.6,0
3061.8,1474.7,4.13,83.9,2509.8,0.24,20.6,1
1363.3,892.9,7.51,89.9,2240.6,1.32,31.5,1
1291.9,837.4,9.64,68.0,1434.5,1.34,27.1,0
1820.7,1338.5,1.52,87.7,2897.6,0.24,28.5,1
2874.9,1923.1,5.49,71.2,1044.8,1.17,25.0,1
1212.4,564.5,6.85,76.3,50.0,9.2,24.4,0
400.0,286.1,5.69,94.6,50.0,6.64,34.0,0
1906.7,1351.5,0.2,62.5,555.0,3.12,20.9,0
2558.6,1491.7,7.5,77.4,2153.3,7.93,23.8,0
2980.2,1864.9,10.56,80.3,992.2,4.88,33.9,1
1898.9,1410.6,6.35,81.2,1868.8,1.42,30.6,1
1932.6,1178.3,2.91,69.6,2817.0,8.85,26.7,1
2950.0,2128.7,4.46,100.0,619.9,3.39,33.0,1
984.7,467.6,11.31,59.5,1882.8,6.99,29.8,0
1947.5,988.0,8.73,92.5,1931.2,2.91,28.9,1
2323.8,1353.0,7.92,89.6,811.4,5.0,28.9,0
2492.0,1558.6,7.07,97.8,2583.4,8.16,29.9,1
1868.6,1298.4,4.02,55.9,1269.8,1.57,30.0,0
2222.4,1659.0,5.4,64.6,1193.0,9.77,36.8,0
582.6,330.1,5.77,92.9,3189.3,0.7,27.2,1
1772.1,822.7,7.65,52.5,1918.2,5.34,27.3,0
2494.8,1722.3,10.53,55.7,2240.2,9.16,23.1,0
1561.5,985.8,9.36,69.1,2583.9,9.46,27.8,0
2238.3,1140.6,1.74,77.3,979.6,2.32,35.5,0
2490.5,1490.4,6.67,94.1,2499.9,1.44,31.9,1
1977.3,1330.1,8.21,72.8,1098.5,7.24,25.8,0
2310.8,1573.9,7.86,67.7,1064.3,0.42,28.1,0
1574.2,944.4,4.11,78.7,1282.4,4.85,22.8,0
2065.7,1118.7,14.74,80.6,1002.3,7.96,24.1,0
2596.6,1927.0,2.17,80.3,2157.7,5.6,28.6,1
2302.0,1494.0,2.75,72.9,1713.8,1.88,26.0,1
1818.8,1041.2,6.7,51.5,1107.0,4.87,23.8,0
2345.7,1253.0,12.35,64.0,2039.6,9.21,30.0,0
2664.5,1783.4,3.49,92.0,1279.9,6.17,27.7,1
867.5,453.4,5.2,77.2,1237.5,7.21,21.7,0
2953.4,1481.2,9.23,71.1,1538.9,3.36,19.7,0
1981.4,1206.6,5.95,88.4,1870.8,1.88,25.7,1
2476.6,1329.9,5.0,61.4,1811.9,2.56,21.6,1
2978.2,1902.1,7.7,72.3,1209.4,5.33,20.5,0
1308.4,635.1,6.82,76.7,2177.7,2.8,32.5,0
1738.9,1124.1,9.09,69.7,1322.1,5.42,27.6,0
2012.4,1076.6,9.87,76.2,976.0,7.08,26.9,0
1690.6,760.9,6.92,72.7,325.6,7.34,27.2,0
3327.7,1624.2,6.88,58.2,2286.5,1.65,23.4,1
1643.1,1199.6,6.64,77.2,1509.9,7.5,29.6,0
1838.9,1306.0,7.47,59.1,1668.7,6.73,27.5,0
2332.9,1213.3,6.17,77.0,2336.6,0.12,25.0,1
1418.6,969.6,6.0,91.5,1118.1,0.59,25.6,0
1942.8,1229.0,9.59,71.6,400.5,6.46,23.1,0
2406.3,1783.8,10.55,60.9,1555.8,3.84,26.4,0
1983.6,1115.0,1.48,73.5,1746.4,1.46,27.0,0
2139.3,1400.0,6.03,65.0,1289.7,0.44,26.3,1
1855.9,870.5,3.93,82.1,2679.0,1.59,28.2,1
1215.6,691.5,5.07,73.2,50.0,9.58,27.7,0
2409.0,1780.6,7.21,95.5,2396.0,7.28,28.9,1
3340.7,2043.5,8.01,89.0,2132.9,5.28,31.8,1
2212.0,1186.4,5.66,73.2,1865.4,9.42,30.4,0
2346.4,1140.6,0.26,83.6,50.0,6.19,31.8,0
2650.3,1752.0,3.1,70.3,2527.1,7.26,24.6,1
1374.9,884.7,8.69,75.4,678.9,2.83,26.0,0
3306.6,1858.9,0.2,70.7,1093.8,5.89,30.6,1
2331.5,1714.3,9.56,84.2,1363.5,1.43,30.7,1
3260.7,1489.0,7.56,92.2,1825.9,4.04,25.3,1
1723.5,932.6,9.95,84.6,2011.5,0.33,30.4,1
3381.7,2456.2,5.4,86.1,2214.3,2.17,24.2,1
2703.9,1477.1,0.2,86.1,2152.7,0.75,29.9,1
2559.5,1345.5,7.29,81.6,1702.3,3.88,27.9,0
2352.1,1435.4,9.82,61.3,1832.7,8.43,22.5,0
2038.5,1421.1,8.77,95.4,627.4,3.78,26.3,1
2980.3,1433.4,4.01,96.7,899.2,8.32,36.7,0
2291.2,1679.3,6.26,72.2,2216.4,6.56,28.8,1
921.4,634.4,4.4,70.6,2169.8,5.1,37.2,0
1473.8,743.4,3.54,82.3,2079.0,2.37,22.2,0
2079.2,1379.8,8.87,81.6,1088.5,9.22,31.0,0
2401.5,1358.0,2.41,72.6,2228.4,0.54,17.9,1
2163.2,1234.5,3.32,60.0,571.0,6.89,28.0,0
2992.3,2049.7,2.69,78.7,2361.9,6.21,30.5,1
931.8,688.4,1.53,81.6,1291.3,4.41,31.4,0
2293.3,1119.1,6.44,83.7,2847.3,2.4,24.8,0
1018.3,586.7,9.48,79.2,282.8,4.31,32.2,0
2693.8,1600.9,5.45,71.7,2910.7,8.73,25.9,1
2138.6,1203.8,1.48,86.9,1210.8,8.37,27.3,0
2472.7,1382.2,8.52,75.8,1196.4,9.41,26.3,0
1638.5,763.0,11.06,69.4,1655.9,3.08,23.5,0
3031.7,1987.7,4.06,72.8,942.3,3.87,34.3,1
2877.1,1671.2,4.56,54.0,1442.1,0.19,28.2,1
2579.3,1311.4,7.55,72.8,909.9,9.43,32.3,0
2115.8,1470.1,10.87,83.3,939.1,3.29,32.2,0
2576.9,1780.0,4.44,79.1,1889.5,4.04,24.1,1
1740.5,1037.2,2.0,93.2,778.7,9.08,32.9,0
2756.1,1487.0,7.89,71.8,885.4,5.27,30.0,0
3272.2,2098.9,8.4,80.8,401.8,5.66,23.8,1
2895.9,1553.5,6.02,84.5,1096.9,1.76,29.8,1
1725.8,898.8,4.33,100.0,2549.3,4.99,23.9,0
2434.9,1629.3,8.98,76.7,823.3,9.18,34.4,0
1359.5,628.2,7.58,62.5,914.7,5.59,31.3,0
2572.1,1230.5,3.69,85.2,1655.1,2.55,27.7,1
2492.9,1126.9,6.15,97.4,1203.4,0.31,33.1,1
984.6,488.3,1.94,71.1,3282.5,3.36,21.7,1
1444.8,680.1,8.06,85.1,1370.0,5.73,25.0,0
2016.0,1509.4,5.21,89.7,1768.2,0.43,27.0,1
2004.4,1075.7,4.69,87.2,2255.0,6.1,36.9,1
1413.8,699.5,5.9,76.5,2239.7,5.23,23.7,0
2452.8,1281.1,6.12,66.6,1686.6,7.83,21.2,0
2363.5,1727.3,8.68,74.0,1371.1,0.29,22.2,1
2073.7,1256.8,7.77,80.5,3119.2,7.81,31.6,0
1708.7,955.9,5.53,85.9,1420.2,5.21,25.6,0
2881.7,2051.8,8.29,79.0,1146.6,3.71,27.4,1
3276.0,1862.4,7.2,70.4,983.3,9.65,31.1,0
1885.7,1038.1,4.72,81.7,118.6,1.6,27.4,0
1802.1,923.0,5.63,85.3,2157.3,5.41,28.8,1
2519.3,1419.2,5.56,79.6,50.0,3.21,30.1,0
1967.3,1072.2,7.52,65.0,1495.4,5.27,26.3,0
2109.4,1377.8,4.9,72.8,1336.1,5.52,27.3,0
2680.8,1439.2,4.83,86.4,3292.0,0.89,29.0,1
958.9,597.6,11.91,58.4,50.0,6.61,31.5,0
3056.9,1436.0,8.82,49.9,779.1,6.34,24.8,0
2247.2,1140.2,3.72,93.1,1391.1,7.69,15.9,0
1932.5,1105.8,7.71,81.1,1342.0,0.91,30.7,1
2142.0,1566.0,6.36,82.3,1060.4,2.97,31.7,1
2175.6,1225.2,7.17,62.1,1435.2,6.5,28.8,0
1074.7,697.7,6.41,83.9,492.3,1.37,29.1,0
3171.7,1670.0,9.57,78.3,1785.8,6.78,25.7,1
2226.9,1087.0,7.04,56.0,50.0,0.59,30.0,0
2488.0,1163.3,5.81,92.1,1479.4,3.35,31.4,1
2818.5,1526.6,9.13,76.9,1019.7,8.47,28.2,0
1536.2,764.0,6.7,70.2,2313.0,7.74,38.0,0
2507.8,1259.4,6.36,70.5,2904.2,6.45,21.7,1
2026.0,1374.1,6.94,50.8,1235.2,8.7,28.7,0
2750.4,1250.7,5.72,82.1,2612.6,7.09,23.3,1
817.3,504.6,6.03,78.1,1247.1,5.19,31.5,0
2135.6,1204.1,4.24,72.7,727.1,9.8,21.7,0
1808.2,1088.5,3.75,90.3,2896.7,6.95,22.7,1
2481.0,1535.3,3.0,58.4,1916.6,6.01,25.5,1
2505.5,1363.0,1.82,67.8,1503.6,4.09,29.1,1
1740.0,937.1,3.36,64.8,2049.7,9.02,25.6,0
1737.1,1163.9,5.48,71.7,1719.4,2.96,25.7,0
2128.1,1513.9,6.31,75.8,1444.6,0.09,27.3,1
1617.2,821.2,5.19,80.2,438.9,1.97,27.0,0
2747.3,1316.7,0.2,70.8,1283.6,1.1,33.9,1
1960.0,1409.9,10.72,64.5,1998.6,3.19,30.7,1
400.0,222.0,9.26,95.2,1401.8,8.26,26.7,0
1956.4,1203.9,7.34,100.0,2221.9,6.52,36.4,1
1524.9,850.7,11.72,76.7,1806.9,1.69,30.0,0
1139.7,555.9,3.07,65.9,797.5,7.89,24.1,0
1395.7,874.8,11.66,92.7,444.7,5.04,29.0,0
2271.1,1379.8,3.1,57.6,1374.3,5.13,30.1,0
3063.6,1565.2,6.72,71.0,1080.6,3.62,25.2,1
2403.6,1407.4,2.18,66.6,1769.1,8.65,23.8,0
1805.8,1244.3,6.04,61.1,925.5,3.18,28.3,0
2496.3,1565.5,7.16,71.6,1007.7,0.94,26.6,1
1901.6,911.0,5.54,64.6,2342.5,3.03,33.9,0
1748.5,1074.3,8.14,75.2,1618.6,7.15,31.0,0
1449.7,958.0,6.3,75.3,937.8,6.58,25.4,0
1061.3,730.0,4.43,67.5,1514.1,1.88,29.7,0
1946.5,1243.3,4.3,70.6,2603.1,1.12,33.1,1
2302.7,1141.7,8.43,72.2,1735.0,6.61,22.4,0
2137.2,1417.1,4.04,84.7,1974.4,6.76,23.9,1
1929.6,1260.4,8.75,73.2,898.2,3.66,28.0,0
1585.3,725.0,9.67,84.9,2321.1,8.43,28.1,0
2595.4,1488.5,0.99,82.0,3354.5,9.78,27.8,1
1343.9,739.0,9.4,81.9,866.8,2.06,26.8,0
2704.4,1760.1,12.18,91.7,554.5,5.77,26.7,0
1548.6,797.3,6.76,61.6,1640.4,0.05,29.5,0
1710.9,1073.2,7.8,69.3,2200.4,7.13,32.5,0
1246.6,902.5,9.11,96.2,1426.9,4.14,26.1,0
1874.1,1291.9,5.17,71.9,657.4,1.93,37.8,0
2834.0,2058.7,6.55,41.2,1413.1,7.52,35.8,0
2535.2,1885.0,2.06,72.6,1978.5,8.11,33.3,1
2836.0,1285.3,6.42,76.6,1174.4,1.11,30.5,1
2539.4,1617.1,7.49,43.6,1985.8,0.41,36.0,1
1482.6,850.8,7.55,91.0,2431.8,3.34,26.8,0
1985.0,1405.3,9.2,66.4,1692.2,6.26,24.7,0
1692.9,889.7,3.68,78.9,1477.6,7.93,25.9,0
3064.9,2281.2,4.4,72.3,2163.5,5.46,24.0,1
1422.1,901.8,11.69,59.5,815.1,5.81,28.5,0
2780.9,1913.4,5.55,62.2,736.2,8.0,29.2,0
2780.4,1322.6,6.6,63.8,1286.7,5.29,28.8,0
3389.3,1711.7,5.8,88.0,1106.5,6.11,28.0,1
1933.7,1310.1,3.53,73.2,857.3,5.16,28.5,0
2663.0,1215.9,10.87,68.7,2964.4,8.8,34.9,0
3683.1,2560.0,4.42,63.8,3237.6,2.36,30.5,1
1798.5,816.9,2.62,89.4,1217.0,2.64,31.7,0
1202.2,778.0,4.65,92.6,1573.4,1.28,28.8,1
978.0,547.2,0.2,89.2,1349.7,8.19,21.5,0
2663.3,1687.0,4.05,80.9,2386.0,4.12,20.7,1
976.0,643.0,3.1,78.5,2544.5,3.48,36.3,1
1958.0,1082.3,7.85,60.4,78.2,9.81,25.9,0
2484.3,1198.4,3.98,72.1,1880.8,9.27,25.5,0
2320.4,1092.6,8.66,66.8,454.5,9.72,29.0,0
2476.5,1552.0,10.2,53.1,2906.6,1.42,30.2,1
2344.5,1421.2,8.34,87.7,1852.2,8.91,30.7,0
3031.3,2039.0,5.35,66.7,841.3,3.29,35.1,1
1581.0,953.2,6.42,89.4,1306.9,0.13,34.0,1
1760.0,1015.0,1.43,85.6,1268.8,3.91,24.8,0
1697.8,966.8,5.6,81.7,1920.1,5.09,31.9,0
2739.6,1254.6,3.42,82.4,2333.5,1.08,26.5,1
2785.3,1533.8,8.08,67.6,581.4,5.38,27.4,0
2493.3,1852.0,13.72,97.3,2971.0,8.19,23.6,1
2969.3,2114.3,7.5,75.5,2784.6,3.78,21.2,1
1434.3,787.1,0.2,78.6,799.7,3.53,27.9,0
3283.7,2056.7,4.92,67.2,1558.2,3.39,24.2,1
3190.1,2246.4,6.37,63.8,2868.6,9.23,31.7,1
2678.2,1559.7,6.26,80.7,2486.3,0.49,26.9,1
3358.2,1529.3,3.81,77.6,1230.6,4.45,29.2,1
1123.2,530.5,6.74,65.5,2151.5,2.65,33.5,0
1859.1,1121.3,2.27,57.7,3897.8,8.94,22.1,0
1722.1,1275.8,3.17,59.8,1584.1,0.96,25.1,1
2669.0,1756.1,7.94,89.4,993.9,4.11,28.7,1
1517.4,715.1,2.95,67.6,1637.9,4.07,29.3,0
2692.4,1364.5,7.61,70.9,1697.2,8.88,32.4,0
3090.8,2106.1,1.89,92.4,1080.4,2.15,31.5,1
2651.9,1862.8,11.29,61.5,1853.3,6.45,28.4,0
2384.4,1514.9,3.68,66.3,496.5,1.34,29.2,0
1557.9,1002.2,5.33,65.8,967.6,9.54,29.3,0
1649.5,756.3,6.99,94.4,2106.6,5.93,22.1,1
3012.3,2104.2,4.3,98.9,96.1,6.26,27.4,1
2706.6,1858.0,6.43,84.0,2222.5,4.34,29.0,1
2174.6,1147.6,7.73,84.4,50.0,3.42,29.8,0
1928.4,1277.7,8.88,68.0,114.9,2.13,24.3,0
883.2,454.4,8.37,98.4,1100.8,6.04,22.9,0
1503.9,695.0,5.48,78.2,1729.5,9.55,27.1,0
3442.4,1756.8,5.56,85.2,2560.2,3.6,35.9,1
1367.7,688.8,13.05,73.7,1546.1,8.83,24.7,0
2323.2,1280.8,8.85,71.8,1302.8,1.49,32.7,0
2854.8,1643.1,3.23,95.0,1963.7,9.36,34.3,0
1384.3,834.1,6.3,81.5,803.3,3.5,28.2,0
2320.1,1375.9,4.99,92.4,1611.5,3.8,25.3,1
2809.6,1492.5,5.59,78.1,540.4,4.63,30.1,1
2208.1,1013.0,2.31,64.8,1566.1,7.18,28.8,0
4064.5,2566.8,4.76,68.0,1396.1,7.2,24.6,1
1115.4,634.4,11.43,76.2,856.6,4.8,25.4,0
2888.2,1558.5,7.74,67.5,1632.0,5.23,29.8,1
2087.7,1482.4,0.2,61.7,1626.8,0.3,31.7,1
2701.7,1821.0,9.65,89.4,2440.4,3.04,26.7,1
2486.8,1759.0,9.27,68.5,215.5,3.46,27.7,0
1723.4,1031.5,4.92,76.7,1439.2,5.59,30.7,0
2348.8,1149.2,8.15,78.6,891.8,5.58,27.3,0
992.4,653.8,3.42,67.9,2195.8,7.1,26.8,0
2592.1,1326.7,4.59,92.4,2103.1,7.17,25.0,0
2393.8,1394.1,10.5,61.6,1906.3,2.35,24.9,1
2615.1,1227.8,5.18,78.1,936.9,7.7,38.7,0
2887.8,2014.5,0.39,78.0,2208.4,0.2,27.2,1
2439.0,1189.7,5.81,74.3,275.9,7.16,33.5,0
2296.3,1655.4,5.76,59.4,111.8,1.02,34.7,0
1627.3,1154.2,9.6,85.4,479.3,7.3,27.3,0
1737.1,1023.8,6.04,83.9,1473.2,5.27,29.5,0
2971.4,2000.7,4.74,66.9,2040.1,4.37,28.4,1
3133.6,1992.5,9.14,83.5,50.0,6.91,21.6,0
2045.2,1413.1,6.36,79.5,2558.2,0.36,21.8,1
2229.9,1292.3,3.75,59.6,1604.9,2.23,28.2,1
1612.0,1105.4,9.46,64.8,245.8,6.16,26.3,0
2962.3,1744.0,6.58,88.7,1580.8,8.47,35.6,1
2632.5,1927.8,6.01,78.7,2374.0,3.81,27.1,1
3461.8,2062.9,6.53,68.2,1979.6,2.59,35.8,1
1629.1,959.2,2.79,64.7,2379.3,5.19,26.1,0
1954.3,1339.7,4.42,68.8,407.0,6.22,35.6,0
2350.4,1637.0,6.01,69.7,1168.8,4.2,30.0,1
2620.2,1615.0,5.42,64.8,760.2,8.77,30.3,0
2059.8,1038.0,9.82,54.1,2874.1,5.23,26.0,0
1632.6,963.8,6.65,88.7,2011.5,0.36,30.3,1
2772.9,2053.1,8.56,86.6,3777.6,2.23,34.8,1
2668.7,1803.8,6.03,59.7,1125.9,4.51,27.4,0
1604.4,1112.4,9.17,76.6,920.3,6.98,26.6,0
3081.0,1416.8,7.19,64.2,1385.7,2.2,27.0,1
2960.6,1747.8,6.04,71.9,2602.7,9.76,34.5,1
2287.3,1473.0,5.96,70.9,1207.1,3.19,31.4,1
2251.7,1574.0,3.14,69.9,1599.6,5.32,33.8,1
2560.1,1189.9,7.52,99.0,1577.4,0.19,29.3,1
1639.9,1157.3,5.88,69.7,1531.6,8.85,28.2,0
2219.5,1363.9,4.49,65.3,978.1,7.89,29.7,0
801.0,407.8,9.32,65.8,1390.2,1.95,32.3,0
2769.7,1510.0,2.25,87.5,1355.9,9.33,27.0,0
1185.0,633.5,4.73,55.2,1493.9,3.16,33.5,0
3177.2,1935.7,9.08,65.8,2254.8,6.92,29.5,1
1985.4,924.2,6.95,92.4,2908.5,8.19,18.4,0
2062.4,1026.2,5.86,77.9,827.7,7.41,31.5,0
1792.0,1243.3,6.75,77.3,1186.4,9.18,22.9,0
2012.8,985.8,6.54,100.0,840.0,8.64,31.4,0
3122.0,1623.5,1.45,78.0,1649.7,9.95,31.6,0
582.9,341.6,4.95,66.5,1069.3,1.83,29.3,0
3030.0,1833.6,10.85,71.6,1691.8,3.05,30.2,1
2419.7,1643.2,4.02,61.4,2382.9,6.36,32.4,1
1415.4,826.9,5.05,90.1,50.0,7.33,26.0,0
1501.0,1031.2,4.38,81.9,1893.4,5.35,31.2,0
3289.7,2090.6,5.74,88.5,1131.9,0.74,32.7,1
1585.4,767.2,4.25,89.6,1868.3,8.42,35.0,0
1450.3,720.7,7.46,70.0,782.8,9.61,23.6,0
2939.3,1708.0,6.59,63.7,2457.0,4.06,29.6,1
2420.1,1377.2,8.32,74.4,2230.6,2.25,24.2,1
1590.3,1070.4,2.85,64.5,1954.7,0.19,24.0,1
2340.8,1461.2,4.98,77.0,2134.6,2.37,29.4,1
1533.3,868.5,5.32,88.6,903.5,7.0,28.3,0
2915.5,1461.3,7.37,73.0,1004.3,9.12,32.6,0
2889.9,1497.1,3.62,76.8,2101.9,0.94,26.6,1
2545.8,1585.1,8.75,73.9,885.8,5.53,27.5,0
2435.1,1405.1,9.56,84.6,2656.5,6.96,28.8,0
3344.8,2021.8,3.03,67.0,1241.1,2.76,24.6,1
2199.8,1102.5,4.53,48.6,1901.5,5.7,25.1,0
1431.8,929.0,4.4,80.7,3179.4,7.15,32.5,0
2492.2,1758.9,13.9,86.9,935.0,8.38,25.8,0
3555.9,1875.3,4.71,80.4,1555.0,4.52,32.7,1
1540.4,920.3,11.03,67.3,2343.3,7.48,30.4,0
1965.0,1459.4,2.2,61.4,2261.0,3.02,21.8,1
2470.7,1358.8,3.03,80.9,1237.7,2.13,30.1,1
2165.0,1360.7,3.94,76.7,1086.6,1.87,30.1,1
1561.5,744.9,3.46,73.5,1313.5,3.59,29.7,0
2929.2,1850.7,5.2,96.9,2658.3,0.36,27.4,1
3708.0,1768.3,3.87,63.6,1276.7,2.83,24.2,1
2327.5,1717.2,3.54,96.3,1562.5,6.52,33.4,1
1612.4,1071.7,9.48,75.4,1158.6,6.48,27.6,0
1193.2,819.1,9.67,53.0,2064.4,0.74,24.5,0
2367.7,1565.6,8.85,72.8,1624.4,2.87,29.8,1
2917.5,1829.0,7.57,86.5,697.3,5.7,25.0,0
2508.9,1467.6,6.28,70.6,724.9,3.19,24.2,0
2198.4,1555.4,4.51,57.3,50.0,4.18,26.5,0
1817.0,1339.2,3.14,73.0,834.9,7.13,25.3,0
1490.1,893.6,7.09,64.7,2135.2,0.09,24.4,1
2742.6,2000.6,2.48,80.9,2559.0,2.76,31.2,1
2794.0,1746.2,3.02,84.3,2048.4,1.42,27.5,1
1195.3,730.9,9.46,62.3,1943.7,1.28,33.0,0
3233.4,1895.9,11.7,66.5,1398.8,9.59,24.6,0
2573.1,1319.5,7.18,84.1,2119.9,3.77,21.1,1
3109.7,1402.9,9.32,64.7,1729.0,5.27,28.6,1
1327.6,693.6,5.26,62.0,2943.6,7.34,35.4,0
1312.2,791.2,1.99,60.9,1421.2,0.47,30.1,0
2103.2,1186.2,7.84,79.2,2574.4,2.41,40.9,1
2526.8,1477.0,7.71,78.7,2199.3,8.32,29.3,1
3367.6,2506.2,6.22,66.8,2088.4,8.62,28.9,1
2659.0,1475.9,5.27,75.1,50.0,3.73,19.4,0
2042.3,1196.1,8.89,93.3,2243.4,3.75,29.7,1
1532.9,751.2,3.04,63.3,1398.0,7.57,28.7,0
2999.5,1392.9,3.68,51.6,1144.9,2.95,26.4,1
1572.9,1073.7,2.98,80.5,313.7,1.17,27.5,0
3258.5,2024.2,6.25,73.7,1495.5,2.58,27.7,1
2015.1,1366.7,2.74,66.5,1526.8,3.87,27.3,1
3233.9,1600.6,3.95,82.8,457.6,0.52,36.4,1
2641.3,1641.7,3.88,85.1,321.4,4.79,26.5,0
2111.0,1110.6,5.22,48.5,1889.3,7.4,28.7,0
1862.4,965.5,1.54,67.2,2197.4,5.14,26.4,0
1978.4,897.1,6.26,100.0,1652.2,0.72,31.1,1
2478.4,1212.2,9.74,82.0,2420.7,4.4,28.7,1
2250.2,1221.3,6.41,83.1,1430.9,7.09,26.9,0
1814.0,879.9,10.62,89.1,1456.5,0.58,20.3,0
2092.3,1560.4,10.0,75.2,766.4,0.6,29.0,0
2251.1,1221.4,8.33,84.6,251.8,3.71,26.8,0
816.3,399.3,6.22,83.6,2983.7,1.95,27.8,0
2497.8,1273.2,6.07,81.5,2405.0,9.35,23.3,0
1563.2,979.0,8.29,71.1,386.0,5.81,33.7,0
1450.3,680.5,4.82,77.1,1624.6,2.87,31.4,0
1103.2,781.9,0.35,67.9,1420.0,7.05,33.7,0
1034.0,763.5,7.48,75.2,1280.8,3.75,32.6,0
1319.0,691.2,2.61,61.0,1172.8,1.32,30.4,0
1739.1,1017.4,3.11,65.5,1805.0,2.37,23.4,1
3469.6,1584.4,6.0,71.6,2154.5,6.43,35.4,1
1858.2,1193.3,5.71,63.7,1821.9,0.52,24.3,1
2315.5,1329.5,1.76,68.9,1403.6,2.73,26.9,1
2460.3,1306.5,6.5,73.0,1374.2,2.08,30.8,0
2285.2,1170.1,8.9,79.8,2249.5,2.01,31.0,1
2149.7,1389.1,2.61,86.4,1870.8,6.83,30.3,1
1423.1,818.1,9.82,69.4,1558.2,8.26,26.4,0
3143.1,1583.8,1.32,91.0,1471.3,7.16,25.6,1
3374.7,2216.3,12.35,86.3,1776.2,6.46,38.1,1
1106.3,685.4,4.77,81.0,1125.3,9.16,27.8,0
1534.4,1085.7,6.44,76.8,2157.2,0.58,27.4,1
2018.1,979.3,0.32,78.8,639.3,1.67,25.1,0
1573.1,1078.6,5.81,89.2,1170.8,4.14,29.0,0
2528.9,1649.0,6.69,89.7,1988.9,3.72,28.8,0
1726.6,836.6,5.74,91.0,593.7,4.18,27.9,0
3607.3,2375.2,4.31,75.5,241.6,2.06,29.5,1
2973.9,1732.2,3.16,81.7,1550.5,1.5,35.1,1
2338.2,1715.0,9.39,91.1,142.8,5.09,25.6,0
2867.5,1412.2,6.09,67.5,461.0,9.28,28.2,0
2918.8,1876.4,10.62,71.2,2105.3,3.92,25.4,1
1833.4,1035.1,4.42,75.2,1336.2,0.43,29.2,1
1669.5,1230.5,4.7,85.8,2528.4,7.06,25.7,1
2250.8,1235.7,8.45,86.0,536.1,2.91,25.9,0
2760.1,2038.7,1.13,72.2,1424.8,2.45,22.2,1
2290.4,1650.1,2.36,56.9,1819.7,3.24,28.4,1
1175.0,624.0,9.29,78.0,563.6,7.24,29.7,0
1678.2,1159.7,2.48,64.0,2325.4,8.19,35.4,0
2151.9,1611.1,0.54,57.1,1908.5,5.88,29.9,0
2150.8,1130.9,11.61,59.8,212.6,3.22,26.2,0
3482.2,2023.2,1.82,78.9,1469.8,3.1,22.6,1
1299.1,787.3,6.55,91.3,1808.8,1.24,23.1,0
2528.6,1361.6,6.21,75.5,1028.0,9.33,22.8,0
3167.9,1440.1,0.2,77.5,316.1,6.38,35.5,0
3676.4,1897.2,5.2,89.2,1722.8,0.27,29.2,1
1937.1,1035.6,7.35,56.5,3269.0,6.62,25.7,0
2519.4,1469.0,7.06,81.2,1190.4,4.47,24.2,0
2570.3,1288.6,8.71,74.9,2755.4,9.73,24.6,0
2327.1,1656.8,4.84,81.8,898.2,8.19,25.6,0
2135.8,1412.7,8.14,69.2,1672.4,1.71,33.3,0
2483.4,1181.0,3.93,65.2,2117.2,7.2,27.9,0
554.0,357.4,1.77,76.7,1493.3,4.86,22.2,0
2643.3,1707.9,2.11,94.8,1261.8,1.87,37.2,1
2282.0,1681.5,1.61,85.3,2080.9,6.99,23.4,1
2055.4,926.8,9.03,68.9,3013.2,5.47,25.6,0
3530.5,1851.3,1.46,58.9,1740.5,0.3,33.2,1
1761.3,1282.8,6.82,54.8,1087.2,6.47,29.7,0
1938.0,1414.0,5.2,90.8,1348.2,6.35,26.1,0
3494.5,2328.0,5.69,63.5,3515.8,1.44,23.1,1
1659.2,1127.8,10.09,71.1,1607.9,3.49,24.1,0
1842.4,879.7,4.68,90.9,1024.5,5.86,24.4,0
2104.4,1271.4,7.83,55.6,583.9,1.39,28.0,0
2746.5,1426.7,6.11,92.9,50.0,8.53,28.8,0
2335.1,1177.7,5.54,72.0,1790.9,0.27,27.4,1
1359.8,942.5,12.9,61.2,2023.7,1.03,27.8,0
1854.1,909.5,1.68,72.0,1182.6,1.16,23.8,0
1805.2,1066.2,9.87,66.3,1488.0,5.28,29.2,0
2149.8,1572.7,7.97,80.3,563.6,6.2,33.1,0
2476.8,1252.6,4.56,67.2,1606.3,4.04,27.3,0
2471.8,1837.6,10.89,52.1,1885.2,2.89,27.3,0
1045.6,782.4,0.46,72.4,1071.9,8.09,28.3,0
2891.6,1783.2,4.43,58.7,2852.4,0.68,32.5,1
2364.2,1184.6,2.37,77.5,830.3,2.8,24.4,1
3099.9,1688.9,7.24,60.8,1726.8,0.39,33.8,1
2488.7,1436.9,2.66,69.1,2178.7,0.14,29.7,1
2915.9,1582.7,7.3,77.2,1438.2,3.53,28.1,1
2503.3,1337.2,5.44,72.5,1349.2,1.95,32.9,1
3075.0,2280.7,4.56,78.0,356.9,2.68,23.3,1
2539.5,1259.6,7.17,83.2,2585.9,8.21,30.1,0
2136.4,1431.4,5.19,61.1,1364.1,1.63,29.7,1
3677.1,1655.1,2.73,74.2,1929.9,7.8,24.3,1
2777.9,1746.9,14.4,35.0,2038.2,6.75,29.8,0
2572.9,1864.8,4.54,78.0,997.4,3.26,29.1,1
1370.4,735.1,0.2,71.4,1342.0,5.47,27.3,0
1362.6,689.0,3.47,63.2,2567.6,4.44,31.5,0
2390.3,1542.9,2.2,78.8,606.2,1.28,25.7,1
2294.6,1523.1,8.48,89.1,3202.3,9.07,29.1,1
1800.8,1182.1,6.96,69.3,904.1,5.7,27.5,0
2291.6,1250.8,7.2,63.7,556.4,8.8,25.5,0
3232.6,1699.3,4.89,77.0,1605.8,8.24,30.0,1
2652.0,1953.9,5.16,59.0,3266.7,0.8,27.2,1
1458.3,1060.2,4.89,67.1,50.0,2.07,22.1,0
2127.5,1249.3,5.76,89.7,1387.2,1.45,20.8,1
1676.8,1180.2,8.51,75.7,1881.0,8.31,31.2,0
1948.0,1140.9,7.01,52.4,1526.9,8.62,23.1,0
1931.1,1114.9,7.5,53.4,1805.5,5.28,29.1,0
1889.5,939.2,7.5,76.9,925.6,1.04,28.2,0
1384.2,799.9,8.65,85.3,1020.2,1.36,26.5,0
2117.0,1294.0,6.86,55.6,1381.3,8.14,35.8,0
1835.6,838.4,7.08,80.4,596.1,9.29,28.7,0
400.0,233.3,9.57,91.0,1464.3,1.99,31.0,0
3534.4,2419.0,4.0,97.7,1189.0,0.11,29.1,1
2907.7,1901.7,3.43,79.0,1124.0,3.31,27.1,1
1955.4,1252.5,2.44,81.1,1756.4,0.3,27.9,1
2212.2,1599.1,6.55,49.4,50.0,8.28,33.8,0
1438.4,655.1,0.44,100.0,1316.7,4.92,32.4,0
3302.2,2037.8,7.39,68.1,3353.9,6.42,35.8,1
3433.2,2355.9,5.67,63.8,631.1,4.11,28.9,1
2301.9,1409.7,9.4,71.9,2528.4,3.46,24.5,1
2865.3,1567.8,3.98,93.1,1543.7,2.22,26.2,1
2313.9,1135.9,5.39,100.0,1017.6,7.71,23.2,0
1331.1,953.4,9.37,76.5,443.5,6.96,31.1,0
1932.3,1142.4,10.15,87.0,1611.7,3.61,25.7,0
2285.8,1630.7,3.96,75.5,2662.7,3.21,15.8,1
1904.5,1191.8,6.55,62.5,1188.6,0.01,37.9,0
2057.9,1342.3,6.88,92.7,1435.2,0.64,25.7,1
2140.6,1479.7,7.12,67.5,2308.3,6.23,25.7,0
2147.4,1391.0,5.21,93.4,1772.7,5.15,34.7,0
2234.0,1272.1,9.84,90.6,242.2,4.35,23.2,0
1510.6,912.5,0.33,82.4,1579.1,8.28,32.5,0
1733.9,1198.0,4.74,96.9,2709.8,5.04,25.7,1
1365.0,767.3,7.34,100.0,1470.4,3.84,22.7,0
2835.6,1606.2,7.37,72.9,50.0,1.61,34.8,0
831.3,398.0,10.06,65.3,1810.6,8.21,31.7,0
2949.8,2136.8,9.59,52.6,1341.2,5.76,31.7,0
3101.1,1480.2,5.14,100.0,50.0,0.92,29.5,0
2003.6,1291.2,9.9,69.7,156.6,6.49,30.4,0
508.0,291.5,3.86,88.6,2280.1,4.25,23.1,0
1965.1,1123.4,8.79,66.1,914.1,8.11,28.4,0
2158.3,1411.2,11.43,93.5,774.0,9.19,24.3,0
1543.1,725.5,9.64,66.6,1471.5,6.0,22.4,0
1865.1,1171.5,6.32,60.7,984.6,7.32,29.6,0
3194.6,2177.5,5.0,72.5,1580.0,0.57,32.6,1
2632.2,1838.5,1.41,68.6,1337.8,5.6,26.5,1
1599.0,801.4,6.93,82.2,540.0,7.55,27.2,0
1161.6,835.4,2.65,74.4,1091.0,4.97,23.4,0
1987.4,1285.6,3.62,82.5,1854.2,5.94,28.0,1
2061.3,1472.9,2.43,71.5,1533.5,8.99,31.0,0
2522.5,1502.4,4.62,67.0,1434.4,1.98,31.2,1
1852.0,1134.6,5.92,68.0,3049.9,0.98,30.2,1
2532.5,1837.8,6.82,99.5,2084.8,6.91,25.5,1
3457.9,2489.6,4.2,77.7,2182.0,8.23,25.4,1
2730.1,1595.6,9.21,51.2,1367.2,8.5,31.2,0
2168.7,1154.5,5.38,68.8,1676.1,6.42,31.2,0
2081.0,1181.9,3.64,76.2,1155.1,8.33,27.3,0
1968.2,1114.6,6.68,97.1,2122.0,7.01,26.3,0
2967.4,1590.7,11.89,87.3,1411.7,0.87,32.7,1
1792.2,950.9,7.01,63.9,1677.9,7.62,26.6,0
2229.4,1579.1,4.91,100.0,1628.5,1.79,31.0,1
2233.3,1051.8,1.42,74.6,1485.5,2.37,27.5,1
1873.8,1224.1,5.34,90.0,3850.6,3.95,23.8,1
1307.9,656.4,6.7,61.1,966.7,3.15,34.4,0
2409.9,1333.5,4.84,46.2,959.4,3.22,28.5,0
2160.3,1012.0,1.0,58.1,2055.3,1.69,25.2,1
2525.2,1340.8,3.45,36.0,1023.9,2.94,22.4,0
1853.2,1261.1,10.36,100.0,1266.9,0.2,22.8,1
2993.5,2141.9,10.3,77.6,630.9,4.73,26.5,0
1630.1,841.9,3.34,63.9,1893.2,7.69,35.7,0
3312.8,1951.5,8.02,80.4,1903.4,8.62,25.7,1
1064.0,628.9,2.46,77.3,1247.8,8.2,33.8,0
2482.6,1767.8,10.21,82.5,2071.9,4.16,27.5,1
2509.0,1703.2,6.74,89.5,50.0,7.3,23.3,0
1682.9,1016.3,8.85,71.5,934.5,2.88,26.1,0
2475.9,1612.3,0.85,64.4,1364.0,0.56,22.9,1
3031.7,2134.9,8.03,84.9,562.2,6.76,24.6,0
759.1,343.8,5.98,84.6,101.0,6.49,24.5,0
2526.8,1442.5,8.56,76.2,1253.7,8.02,20.4,0
579.4,418.4,8.74,100.0,2055.2,6.16,34.1,0
1572.3,1056.7,6.2,69.7,2525.7,1.57,28.8,0
3259.0,1997.3,4.2,64.2,1062.2,8.53,25.3,0
1821.8,1109.3,8.34,80.0,2086.6,6.27,28.9,0
1437.0,796.6,5.82,66.9,2009.2,8.08,24.7,0
2071.3,1255.6,3.38,80.9,2474.9,7.74,17.3,1
3544.1,2291.7,3.24,65.0,1219.8,2.98,39.8,1
1009.4,580.9,1.57,70.2,61.2,0.75,28.8,0
1516.6,1007.4,4.47,97.7,1556.1,1.77,25.6,1
3173.3,2247.9,9.31,70.1,689.0,0.93,20.3,1
3407.5,1691.5,6.53,65.4,921.2,2.43,22.0,1
2132.8,1248.7,4.41,89.0,1259.0,4.6,34.6,0
1394.6,798.3,8.41,62.4,1228.9,9.07,34.0,0
3562.3,2337.7,3.5,66.7,1613.2,8.72,31.0,1
3236.4,1699.0,6.29,81.9,2062.5,7.19,23.5,1
2641.3,1695.9,5.46,86.3,1205.8,0.24,34.0,1
1671.9,1192.5,8.34,89.6,1816.6,3.41,29.8,0
2168.1,1247.6,1.27,66.0,1511.9,6.82,30.6,0
2095.8,1515.9,3.45,82.2,2248.4,1.29,29.8,1
2415.1,1806.3,1.09,69.4,1349.1,8.01,22.0,0
3143.2,1514.5,5.22,67.7,1436.9,9.15,23.2,0
2771.6,1441.0,9.63,89.4,1200.5,3.54,26.0,1
1499.7,1102.5,4.48,68.4,1370.2,7.06,30.6,0
3094.7,2282.4,4.47,78.3,873.2,1.48,22.5,1
2403.5,1152.0,8.62,76.9,793.9,6.91,27.3,0
2646.6,1202.9,9.21,62.2,2120.6,0.21,27.3,1
3153.3,1571.4,5.73,86.6,633.4,1.51,31.2,1
1477.5,1106.3,8.05,81.7,1244.7,7.1,30.7,0
2176.7,1097.1,2.77,51.2,2312.3,7.12,24.0,0
1854.6,1114.2,10.13,78.3,1217.8,6.41,33.8,0
1180.9,832.0,12.45,65.7,2163.0,4.77,23.3,0
2425.4,1106.3,7.56,88.2,1027.2,6.75,32.4,0
3832.5,2419.6,0.2,57.7,659.1,7.74,25.8,1
1003.9,535.2,4.33,70.7,224.1,9.66,28.7,0
2179.0,1544.3,7.84,79.3,2550.2,8.89,28.9,0
2616.4,1399.8,4.74,75.7,590.5,7.95,28.8,0
2280.0,1495.7,9.82,84.2,2097.7,6.95,30.7,0
2126.5,1387.0,7.76,56.8,700.0,5.74,29.6,0
1355.5,700.1,3.88,94.8,2553.9,1.21,31.1,1
2351.3,1082.6,6.1,81.3,3265.4,1.66,29.9,1
1708.1,978.4,3.32,91.3,150.8,8.2,22.9,0
776.6,416.8,5.45,85.5,632.2,8.03,29.1,0
2976.5,2061.8,4.34,74.9,2118.5,6.14,25.7,1
2823.0,1948.1,9.52,59.6,1910.4,4.39,23.6,0
2233.6,1311.4,12.35,68.2,2121.5,0.26,26.8,1
2348.9,1484.4,1.71,94.1,1041.0,3.27,28.7,1
2898.3,1829.6,0.23,91.6,3090.0,4.21,29.0,1
2345.8,1637.7,5.26,67.6,1594.4,4.86,32.2,0
2787.6,1609.8,1.44,41.2,526.4,9.29,33.2,0
2006.6,1068.8,6.14,72.4,1297.5,1.09,29.3,1
3052.8,1616.5,8.25,71.5,537.1,5.19,30.1,0
2408.5,1471.3,10.48,72.0,2772.8,3.68,28.4,1
2326.1,1360.2,6.6,81.3,971.7,9.9,31.1,0
1374.5,800.0,5.42,85.5,1894.0,8.62,29.9,0
2386.5,1139.2,0.2,86.9,1123.5,4.39,27.8,0
1659.2,1104.4,6.08,80.3,1007.7,10.0,36.6,0
1785.1,917.8,6.21,53.4,50.0,5.14,25.8,0
1670.0,850.2,7.92,70.9,1978.5,1.67,33.8,0
1506.9,864.7,3.87,100.0,2539.3,5.56,22.6,0
3581.1,1856.2,4.69,79.5,767.2,2.26,31.3,1
3065.4,1916.3,1.57,79.4,263.8,6.36,33.7,1
3448.2,1936.0,0.2,79.3,2142.7,9.37,20.4,0
1405.1,821.5,2.67,80.0,183.0,7.86,28.6,0
2246.3,1372.8,1.29,46.4,2475.6,2.73,30.9,1
1359.2,694.6,7.01,72.1,776.5,2.97,29.0,0
1747.8,868.2,4.45,74.5,617.4,0.69,29.5,0
1603.2,1144.9,4.39,90.4,1698.8,2.86,28.5,1
3005.7,1743.7,3.05,75.6,669.5,0.93,23.6,1
1942.5,1114.2,0.2,55.2,934.3,4.99,37.5,0
2894.4,1333.4,10.52,80.2,1783.2,7.08,26.0,0
2592.7,1554.0,3.0,65.4,50.0,7.51,29.7,0
3697.4,2278.5,4.76,60.4,2813.9,0.6,25.4,1
1238.4,764.9,1.64,65.0,1534.9,3.4,18.9,0
3018.5,1998.6,8.92,81.5,465.6,2.88,24.3,0
2945.2,1482.1,6.43,90.1,686.2,1.04,22.2,1
1567.3,823.9,3.52,80.8,2293.3,3.62,32.4,0
2854.6,1978.9,4.82,82.6,1980.8,2.99,25.6,1
2418.5,1775.5,11.03,80.7,2609.4,6.34,25.9,1
2052.1,1007.1,5.78,76.2,953.8,8.83,23.7,0
1664.4,997.5,5.45,83.4,1737.3,4.55,28.4,0
1732.6,891.0,3.18,46.0,1841.3,7.47,25.1,0
3532.4,1653.2,0.32,76.3,2056.2,1.46,32.0,1
2200.4,1205.1,5.52,62.5,2401.8,8.95,29.2,0
2708.4,1335.5,6.98,89.0,926.2,1.53,25.7,1
1685.9,1117.7,9.3,73.2,1408.7,1.92,31.4,1
1693.1,1033.0,0.2,75.4,1011.9,1.06,28.0,0
2903.3,1431.8,2.62,56.9,1457.9,3.1,28.1,1
1322.8,598.9,4.26,87.2,2058.7,5.52,22.1,0
1930.1,1336.5,5.99,82.5,176.8,9.88,27.7,0
2222.1,1117.4,5.56,81.7,2387.5,7.93,29.3,0
2272.4,1435.8,5.63,65.2,588.7,3.8,33.3,0
2083.6,1148.2,7.22,65.7,1254.1,5.76,25.0,0
2457.3,1537.4,3.29,77.7,2495.2,6.23,37.1,1
2650.4,1443.6,8.8,66.7,1762.4,8.23,30.2,0
2677.5,1274.7,7.3,80.2,1771.6,7.36,21.9,1
1559.2,805.9,5.04,49.1,555.5,5.69,24.6,0
2015.3,1020.6,10.8,69.1,664.7,6.69,33.7,0
2976.6,1721.7,10.67,96.6,2253.0,7.46,33.0,1
2781.5,1801.0,8.8,80.3,1028.7,1.33,28.1,1
1307.6,691.9,0.2,77.0,1104.1,2.0,28.6,0
2428.5,1101.6,10.74,98.8,2271.2,6.89,23.3,0
914.2,553.7,8.38,47.0,660.1,8.5,33.3,0
2230.5,1409.1,12.02,65.2,1715.4,4.09,24.0,0
3433.5,2536.9,9.71,70.2,1534.3,9.8,31.4,1
1583.9,992.8,10.74,85.3,1497.9,2.16,33.4,0
1657.7,980.3,8.64,85.5,1085.3,4.17,28.2,0
2696.6,1677.4,10.05,64.6,1036.1,3.79,31.9,0
1197.2,872.0,11.98,87.0,637.3,9.3,35.4,0
1788.7,1249.4,6.65,70.2,1886.1,2.85,29.1,1
2587.7,1415.2,1.28,89.5,965.5,4.71,27.3,1
1787.7,931.7,5.08,62.6,2275.0,1.87,27.7,1
2046.6,1082.2,7.17,73.5,1320.4,5.21,25.0,0
2683.7,1613.8,6.22,69.1,653.2,8.57,24.9,0
2474.0,1665.5,2.26,87.7,1309.7,3.04,29.8,1
2373.4,1426.4,1.11,68.7,1171.3,8.11,27.3,0
1979.6,931.1,3.78,74.5,2307.3,9.11,29.3,0
2440.5,1628.0,8.42,81.1,1204.8,0.73,22.0,1
2119.6,1466.3,10.74,81.5,1279.0,7.56,27.6,0
2497.6,1340.8,8.75,85.6,2629.2,2.55,32.1,1
1877.0,1218.6,9.17,77.5,1906.6,1.75,23.5,1
2081.3,1203.0,5.76,70.0,2830.2,6.01,28.1,0
1556.5,1115.6,0.77,70.8,2507.2,7.06,20.6,0
2177.2,1531.8,4.63,75.3,790.3,3.95,22.8,0
1672.8,1016.5,5.22,78.0,2292.0,0.39,31.2,1
1475.9,970.3,4.51,73.2,2720.2,9.09,26.8,0
2368.1,1693.2,6.16,75.2,2726.3,7.31,35.3,1
2338.3,1400.0,7.32,56.8,2290.5,2.72,29.7,1
2708.9,1473.6,8.56,83.0,2274.0,4.97,30.1,1
1919.8,1298.0,5.17,77.2,1257.9,0.28,23.7,1
2465.2,1272.1,0.29,87.0,830.1,3.39,26.5,1
2558.0,1449.3,4.55,75.0,1218.2,5.23,25.1,0
2489.1,1766.6,6.13,54.1,168.2,5.17,23.7,0
1663.3,1110.0,9.67,70.7,2574.2,2.08,30.7,1
2297.1,1312.0,4.3,72.6,1273.4,7.77,31.5,0
2436.7,1253.5,7.54,83.9,2533.1,2.99,29.6,1
2204.7,1227.5,6.87,50.2,514.8,5.8,24.7,0
843.8,451.6,6.13,75.5,2366.1,2.72,29.3,0
2304.3,1158.7,8.79,81.2,1104.1,4.25,20.3,0
3638.1,2448.5,4.02,67.1,472.5,2.08,33.3,1
1966.0,1033.4,4.27,75.9,2801.7,6.33,22.8,1
1726.7,1012.3,5.96,67.5,2385.8,4.26,23.5,0
2442.7,1382.0,4.08,66.2,1669.4,0.16,28.5,1
2403.0,1789.4,7.52,70.1,1527.2,0.28,28.8,1
2975.3,1688.0,3.86,66.5,1851.6,4.71,27.7,0
1382.4,655.2,6.68,83.2,1655.7,1.83,23.6,0
2675.4,1276.0,5.7,66.2,866.2,5.85,32.5,0
2583.8,1620.6,6.64,64.2,1170.4,4.08,21.3,0
2107.6,1327.4,4.62,96.2,3068.6,6.54,22.1,1
2420.1,1393.1,4.98,86.5,3637.7,9.52,27.6,1
2869.1,1662.8,6.29,52.7,2750.1,5.29,22.9,0
2767.0,1289.9,6.61,65.8,1882.6,7.87,32.9,0
1457.0,881.5,5.99,77.9,1229.8,7.53,23.3,0
2733.1,1643.7,11.12,78.9,861.5,9.22,34.2,0
2158.0,1067.9,3.03,57.1,914.2,2.14,32.1,0
2247.4,1081.3,5.81,88.9,1057.4,8.27,32.9,0
2247.6,1094.7,1.28,84.9,3220.9,9.06,35.5,1
2102.3,1009.8,7.12,80.8,2945.0,3.93,28.3,1
2974.6,1882.7,2.65,91.3,2097.0,3.14,23.9,1
2145.6,1092.0,5.17,80.4,731.5,9.52,27.6,0
1472.3,773.6,4.88,80.4,2214.4,6.28,25.7,0
1944.2,976.1,6.84,93.7,1309.1,3.81,25.2,1
2316.2,1707.8,4.34,88.2,50.0,7.92,28.6,0
2999.0,2118.4,4.21,64.9,1729.7,3.04,26.8,1
2592.0,1345.6,10.31,82.6,826.5,1.76,25.0,0
1647.2,903.1,6.85,67.0,853.6,5.44,27.0,0
3815.4,1957.2,4.32,81.0,1299.7,5.66,30.2,1
2372.1,1417.5,5.25,80.7,1101.3,8.26,31.8,0
3029.0,1380.9,10.94,58.4,1472.6,4.57,21.6,0
2101.4,1368.9,5.29,73.5,1434.1,8.15,26.8,0
2546.7,1545.7,3.93,78.2,50.0,3.11,27.4,0
2745.7,1975.8,3.95,69.8,2716.2,5.75,23.3,1
2991.8,1493.9,4.35,78.8,713.3,2.08,27.5,1
2887.3,1995.8,4.22,84.7,738.1,3.85,28.6,1
2766.9,1902.5,2.16,74.6,1237.2,8.58,30.1,1
1995.2,974.0,2.63,77.7,1413.3,2.16,28.3,1
1828.4,1041.4,3.51,91.6,2667.2,8.1,24.5,0
2416.2,1210.6,7.77,80.7,1715.5,2.83,36.0,1
2806.5,1477.4,4.86,77.4,1953.2,0.34,31.3,1
2055.2,1087.2,5.38,63.5,1719.6,1.1,30.2,0
2892.4,1784.2,9.81,83.1,1685.2,7.46,32.0,0
3144.2,1803.0,9.89,79.0,1747.8,2.62,29.0,1
1604.4,1178.1,5.15,90.4,50.0,6.54,33.1,0
1656.0,808.0,4.11,75.6,1300.1,6.99,28.2,0
2108.8,1564.9,3.41,53.2,2429.8,3.45,28.0,0
2399.9,1246.0,8.08,54.6,4653.9,4.75,30.5,1
1859.0,1267.6,5.39,83.8,536.6,4.04,34.3,0
3078.9,1698.6,4.84,68.2,1838.5,9.47,34.0,1
2475.6,1220.3,3.56,80.2,1043.2,3.2,30.4,1
2225.6,1574.3,3.69,76.4,3138.1,1.83,30.1,1
1266.7,687.4,6.96,73.0,417.0,3.66,30.8,0
1344.7,870.9,2.05,73.8,2000.0,6.7,31.9,0
2382.7,1477.1,8.98,64.6,374.2,6.97,33.2,0
813.8,481.4,4.4,74.8,1245.1,9.24,27.1,0
2858.2,1711.3,5.55,68.0,1472.5,8.82,33.3,0
2097.2,1404.4,1.99,70.5,2355.8,2.88,29.4,1
4308.0,2052.0,5.96,71.1,638.3,4.55,30.6,1
3700.1,2406.8,5.02,72.3,2030.7,7.47,33.5,1
2082.1,1496.5,5.85,86.1,1515.0,9.17,31.0,0
2130.9,995.8,10.42,73.4,1718.2,3.37,31.7,0
2847.1,1401.3,6.53,87.3,2266.7,4.44,26.4,1
3307.1,2199.2,3.62,93.5,474.0,8.99,34.0,1
1135.3,659.8,3.87,85.3,2148.5,3.58,30.8,1
1038.9,593.3,7.79,81.4,1044.9,4.81,28.5,0
1795.7,881.8,9.9,78.9,2376.7,9.05,32.4,0
2578.8,1552.5,6.85,85.4,1767.6,8.02,38.4,0
2523.0,1231.1,8.07,76.1,1332.4,2.43,23.3,0
2895.4,1716.9,7.83,86.8,1028.0,3.25,24.8,1
1420.2,964.4,10.26,82.4,2158.6,3.53,38.7,0
694.5,366.3,0.2,70.7,2508.8,9.13,29.7,0
2757.7,1638.7,8.0,85.8,1073.7,9.99,28.8,0
1661.7,1242.3,8.95,76.1,593.6,7.74,27.5,0
888.0,582.5,1.98,73.7,2055.4,4.84,32.8,0
2294.3,1611.5,3.34,69.3,341.2,0.1,38.4,1
2715.6,1560.0,3.45,77.0,455.6,6.97,25.3,0
2120.7,1442.8,3.81,87.0,649.8,3.89,27.6,0
1902.4,879.2,4.55,85.7,1167.6,6.33,26.6,0
2096.4,1020.7,6.73,79.2,430.9,6.07,30.9,0
1959.1,1001.0,8.6,82.2,50.0,4.81,32.9,0
1323.8,755.3,9.24,90.3,591.6,9.44,34.5,0
1735.5,1221.3,3.49,73.2,2014.0,0.23,31.1,1
2538.8,1406.2,3.47,61.6,482.8,7.12,38.1,0
2409.1,1557.2,9.95,90.6,1227.8,4.1,25.7,1
2309.2,1530.6,7.94,68.6,3057.4,7.14,24.7,0
1553.2,972.0,6.25,66.7,1460.7,6.75,33.9,0
2082.0,1160.0,7.42,53.4,1774.0,0.1,28.5,0
784.9,489.1,5.91,81.9,743.2,2.85,22.5,0
2316.0,1280.0,7.57,55.5,3230.8,1.89,26.7,1
3128.8,1486.7,4.99,66.0,1067.0,1.67,29.0,1
1241.8,928.7,6.81,82.1,1317.5,7.28,25.4,0
1819.1,888.0,1.47,83.7,2553.6,2.4,23.9,1
2413.9,1138.7,3.94,67.2,1354.6,4.75,27.2,0
3014.3,2150.9,3.97,73.4,1538.3,2.47,23.7,1
1908.7,1031.7,4.88,64.5,1274.6,5.8,30.5,0
1750.0,1128.9,3.22,68.4,1280.1,7.21,20.2,0
920.2,504.9,4.4,78.2,1796.4,3.31,28.4,0
2267.2,1286.5,1.46,69.0,1942.4,6.03,30.1,1
3527.3,1864.7,7.65,72.1,985.4,8.25,27.6,0
2380.3,1316.1,5.75,57.4,887.1,0.94,32.4,1
2185.5,1252.8,0.88,88.6,1012.7,7.11,22.5,0
2409.4,1604.9,3.5,81.1,379.0,3.23,25.2,0
2192.8,1323.3,7.01,84.5,227.7,1.23,26.7,0
1671.5,1225.4,4.37,90.5,1737.7,5.46,30.9,0
2735.1,1265.2,3.91,65.1,2250.9,2.26,28.9,1
2346.7,1410.2,5.78,70.7,2196.8,8.21,36.6,0
2211.4,1382.7,7.03,52.3,50.0,0.43,24.8,0
1566.0,1137.0,1.69,100.0,1303.9,0.99,22.4,0
3047.3,1416.2,7.65,73.2,618.3,5.21,35.2,0
2632.1,1637.3,3.6,87.5,1615.0,5.89,22.3,1
1840.6,1299.6,5.95,60.1,1165.7,7.3,30.7,0
2851.2,1490.0,5.89,87.0,1973.5,2.59,24.1,1
1876.6,1337.8,4.42,97.3,1484.7,8.42,19.7,0
1691.7,770.9,2.93,74.3,50.0,9.53,26.5,0
1706.2,1142.7,5.14,62.9,726.3,4.99,31.6,0
1048.8,765.6,10.88,73.3,1504.6,7.61,23.1,0
2506.5,1622.1,1.91,48.3,1572.1,5.25,30.3,0
1009.8,587.4,11.08,74.5,375.5,0.69,31.1,0
1401.5,649.6,5.22,84.9,270.8,3.26,22.9,0
850.9,617.8,6.11,74.6,1545.0,0.87,27.1,0
2144.1,1267.3,2.74,71.6,377.1,9.89,34.3,0
2102.3,964.3,3.69,81.3,165.1,2.29,30.6,0
1987.6,1305.8,4.49,82.2,1143.9,6.36,27.0,0
1522.3,905.1,2.86,55.1,1109.2,2.84,29.7,0
1438.0,700.8,5.37,76.1,797.3,6.53,25.3,0
2501.8,1286.7,4.78,100.0,937.0,2.1,32.5,1
1842.1,864.6,11.55,59.0,1511.1,7.85,32.5,0
2405.6,1497.0,2.5,74.0,923.9,1.11,28.5,0
1624.6,1034.2,6.31,98.3,1556.6,8.95,28.9,0
2317.7,1394.6,6.74,88.3,1195.6,8.4,24.0,0
3047.1,2118.2,2.79,68.8,1634.1,6.79,22.6,1
2581.0,1828.1,8.06,77.5,2202.6,0.67,26.5,1
1931.9,1226.2,4.81,75.0,2171.4,2.09,27.7,1
2367.2,1074.3,0.2,66.0,2530.6,8.59,32.3,0
2043.6,1345.8,7.98,74.1,2170.5,1.22,31.7,1
2205.1,1268.8,2.65,71.6,1690.8,1.56,28.7,1
1988.4,1232.1,2.86,76.4,1153.3,5.44,32.8,0
2093.2,1349.5,8.06,66.0,1189.8,2.74,24.2,0
2337.9,1297.7,4.96,59.7,797.8,2.22,32.3,0
1554.3,1127.1,8.75,74.5,1503.6,5.76,24.8,0
1539.7,754.7,9.63,95.6,2057.9,3.73,33.0,0
1297.4,845.2,4.07,76.0,919.5,1.41,27.9,0
1159.8,523.4,8.38,71.0,1470.2,5.35,20.0,0
1408.8,1024.7,3.73,84.0,958.1,3.87,30.9,0
2303.7,1114.4,12.7,73.1,1667.5,7.35,31.2,0
1619.7,775.0,3.92,97.4,1060.5,1.03,26.2,1
2533.8,1393.4,9.08,75.0,908.4,6.21,26.5,0
2222.6,1249.2,8.53,83.4,956.0,4.36,27.4,0
920.5,473.4,6.95,65.9,1902.7,4.06,20.3,0
2625.7,1642.5,3.99,81.0,1422.6,2.32,18.5,1
2727.0,1589.5,5.55,78.3,1157.3,0.3,33.2,1
1554.0,715.2,0.2,74.3,1709.1,8.48,24.7,0
2473.1,1350.1,6.67,69.0,1168.4,3.26,35.4,0
1643.3,1139.0,7.05,67.3,2401.2,6.81,33.5,0
2263.5,1486.9,6.4,78.4,720.9,9.48,34.3,0
1378.1,919.8,0.2,82.5,1350.4,5.65,25.4,0
1034.5,682.2,2.2,73.5,376.2,3.97,21.6,0
1951.2,1060.1,3.76,78.4,1222.5,2.68,23.7,0
2119.6,1017.2,6.87,74.5,156.3,9.34,26.2,0
1941.5,1032.4,6.87,76.2,2097.1,6.82,18.5,0
1430.4,1000.6,5.49,72.6,2113.2,6.65,26.1,0
1940.1,1443.7,7.91,75.2,2127.3,4.26,27.2,0
2375.0,1420.6,2.92,100.0,1523.1,8.45,22.8,0
2170.8,983.2,7.83,78.7,796.1,7.14,23.8,0
2318.6,1140.8,7.42,82.7,859.7,2.83,27.1,1
1764.4,964.5,7.13,80.3,2724.1,6.0,29.4,0
2961.6,1846.8,5.45,71.8,2648.5,4.3,24.4,1
1435.5,678.3,11.49,90.5,1598.0,0.07,29.2,0
2516.9,1844.9,7.48,71.5,1087.5,8.08,28.5,0
2968.2,1660.8,3.09,87.7,2594.9,1.23,28.2,1
2512.6,1818.6,6.74,71.0,944.4,5.1,25.4,1
2068.4,1415.1,8.26,63.5,1683.1,3.36,22.7,0
1856.6,1256.2,4.24,79.4,2581.6,3.42,34.8,1
2873.5,1816.1,9.27,61.7,830.9,4.77,30.5,0
1275.1,813.5,7.15,81.4,2163.4,9.97,32.0,0
1569.4,1006.6,0.2,60.7,1916.4,4.08,27.7,0
1941.6,1239.9,6.9,71.2,1468.4,1.82,27.3,0
3004.5,1851.1,4.78,57.8,705.3,6.14,30.0,0
2446.8,1825.2,7.61,100.0,920.4,2.36,20.7,1
1570.8,1051.9,8.83,55.2,1731.6,1.06,23.5,0
1998.3,1365.0,6.59,75.1,361.3,0.5,24.8,1
1800.7,1281.6,11.0,88.7,1604.6,0.23,26.2,1
1738.6,894.9,5.46,87.4,1932.8,4.31,24.5,0
2836.3,1347.6,7.87,85.2,2288.2,4.27,29.3,1
1308.4,778.3,8.41,71.2,381.3,1.86,28.3,0
3245.7,1961.1,5.71,91.2,2553.0,7.84,33.6,1
2738.3,1913.4,8.34,86.0,2856.3,1.29,37.9,1
2909.1,1696.4,4.22,77.5,1828.1,9.15,22.9,1
1899.1,1179.8,4.73,77.9,669.6,5.88,28.6,0
2102.5,1278.6,2.06,71.4,1237.5,0.28,28.6,1
1268.5,585.3,6.72,64.1,1461.9,9.63,27.9,0
1859.0,1179.6,6.98,89.8,1716.4,3.08,23.7,0
2520.9,1760.6,9.54,90.7,1517.6,4.5,24.3,1
3042.4,1512.9,8.37,64.4,1724.9,2.84,29.0,1
1480.3,930.1,5.15,73.2,1427.4,7.28,24.2,0
1962.4,1232.6,2.47,73.3,1712.1,4.86,28.6,1
2101.7,1049.3,7.3,74.6,1131.6,1.32,27.0,0
1292.7,629.6,9.33,75.8,1229.5,1.04,28.6,0
2584.4,1922.8,8.27,86.4,1039.2,7.25,24.2,1
1729.4,982.5,9.25,66.0,3033.8,2.37,28.6,1
2073.0,1074.3,5.36,64.8,2671.1,1.38,24.5,1
1906.2,955.8,4.6,89.8,1944.2,4.99,28.6,0
1686.9,1097.0,3.79,69.4,2560.2,8.03,33.4,0
2195.4,1389.3,5.83,59.8,2138.8,2.79,29.0,1
2059.9,1324.6,5.76,69.2,1645.0,2.76,29.3,1
1958.3,932.9,6.62,71.0,295.5,8.34,31.3,0
1726.5,1239.7,5.61,93.7,1290.3,1.48,22.4,1
2407.7,1364.6,5.6,86.1,1232.0,6.17,34.9,0
3274.9,1781.6,3.67,88.8,593.5,9.55,23.8,1
2290.9,1348.7,8.82,84.8,311.1,8.41,31.5,0
2847.5,1614.6,6.23,86.4,1894.2,0.62,31.0,1
1296.4,919.2,5.48,66.7,1759.6,3.2,24.4,0
2302.5,1678.0,3.76,72.6,566.1,1.42,32.0,1
1486.7,804.4,2.0,63.1,903.3,9.49,30.0,0
1240.0,879.4,9.92,72.5,2429.0,9.86,35.6,0
1719.4,1176.9,7.66,83.2,797.8,2.35,28.8,0
2974.7,2169.3,1.13,76.6,1636.6,6.7,27.6,1
2817.5,1475.6,8.29,90.7,1348.2,8.42,25.9,0
2358.0,1469.2,8.77,61.3,1905.1,2.34,21.0,1
1203.7,640.8,6.37,81.0,815.1,1.88,26.7,0
2072.4,1444.9,10.79,60.0,1572.1,0.11,26.9,1
2396.1,1082.1,6.65,76.1,1635.0,4.12,29.0,0
2314.1,1433.5,1.75,83.9,1684.1,8.99,22.3,0
1001.5,552.6,7.1,72.4,1563.3,9.03,27.0,0
1621.3,886.5,6.73,81.6,1775.7,1.28,30.3,1
2158.3,1388.8,4.19,63.5,3253.4,2.04,30.7,1
2548.6,1797.9,7.72,55.0,3549.0,4.08,20.6,1
772.5,488.8,1.0,81.7,988.6,7.81,30.8,0
2094.6,1478.7,8.97,95.9,50.0,6.12,27.0,0
2293.0,1213.9,3.37,63.0,1976.4,5.14,27.3,0
2752.2,1667.5,3.05,89.7,1649.0,5.92,18.5,1
2650.4,1550.9,5.66,75.5,2348.8,0.96,34.0,1
2578.7,1169.4,7.3,59.0,1727.9,4.78,28.7,0
1680.0,1036.7,6.49,61.4,1546.9,9.92,21.9,0
959.8,622.4,3.77,75.2,2403.1,0.88,29.5,0
1944.5,1220.3,4.48,70.1,2515.0,5.19,29.4,1
2851.1,1912.7,2.6,59.2,390.8,2.96,32.9,1
3105.7,1929.9,5.33,54.7,846.7,5.4,26.8,0
2661.9,1251.1,9.23,64.8,1415.5,5.74,28.0,0
2479.1,1202.2,5.99,77.3,1578.8,5.77,25.4,0
2446.8,1538.9,8.58,74.9,1319.2,8.52,30.4,0
1838.5,979.0,10.37,69.0,1847.4,3.9,24.9,0
2115.5,1002.5,4.24,77.4,2296.9,5.16,24.4,0
3284.9,1901.6,5.44,87.5,2878.2,0.11,27.7,1
1587.3,978.3,12.51,79.7,1963.1,7.9,23.1,0
3249.6,1782.8,10.33,73.5,818.1,2.59,34.4,1
1990.7,1326.1,0.98,86.1,1382.1,8.17,35.7,0
3061.5,1969.0,7.16,63.5,1439.7,2.66,26.2,1
1285.6,706.9,6.0,72.3,1911.7,0.11,22.5,1
2580.8,1745.8,8.48,72.6,1810.5,1.55,29.3,1
1721.1,1109.4,3.77,60.2,3140.3,9.86,26.1,0
1280.1,820.8,3.48,70.0,1130.8,3.2,32.7,0
2342.0,1442.8,3.97,50.1,1807.8,1.09,24.9,1
2856.2,1295.0,4.28,97.9,3383.8,1.19,30.2,1
1650.8,1087.8,8.45,63.8,1031.8,3.1,28.5,0
1225.6,689.8,2.46,94.0,1616.1,0.38,25.3,0
2140.3,1568.4,4.13,75.5,744.1,5.11,29.0,0
2143.2,1490.3,0.63,81.8,1565.7,2.14,31.5,1
2556.4,1601.1,9.02,69.1,875.8,5.19,28.3,0
2817.2,1480.9,9.81,77.5,2337.4,1.41,28.4,1
2161.4,1104.7,5.02,82.8,1617.9,4.3,24.5,1
3406.1,1880.5,5.11,83.0,751.7,5.98,32.6,1
2345.8,1391.0,7.36,84.3,2172.5,0.62,32.2,1
1974.8,1064.1,10.42,70.6,1643.7,3.99,26.4,0
1152.5,696.7,7.23,69.2,2262.3,3.03,27.5,0
2029.3,1013.8,3.91,55.9,581.9,2.4,33.7,0
1981.3,1472.8,1.14,81.3,1795.1,6.05,23.5,0
2824.2,1362.3,2.65,88.0,2118.7,5.89,30.4,1
2500.6,1824.4,6.22,94.4,1161.3,6.31,25.8,0
1433.4,1037.9,4.03,78.7,492.8,1.59,35.1,0
2312.0,1404.8,6.58,65.8,1466.7,2.86,28.3,1
2636.5,1759.8,4.34,54.6,2482.5,2.1,33.0,1
3193.2,1854.7,2.83,87.5,2400.7,5.41,25.0,1
2776.9,1774.5,2.47,53.4,1157.3,4.61,23.0,0
2694.6,1487.9,10.69,70.9,473.5,3.3,27.1,0
2239.1,1209.9,8.67,72.3,1155.1,7.86,29.1,0
2452.4,1529.0,11.19,74.2,1125.2,0.94,26.0,1
3012.2,1805.6,7.62,75.4,1857.2,9.75,31.0,0
1333.7,832.0,4.71,76.7,1416.0,1.17,27.2,0
1972.9,1057.5,9.97,46.0,897.4,7.73,19.7,0
1697.8,950.9,5.9,75.2,2383.4,3.68,30.2,0
2446.4,1162.5,6.66,48.2,1612.3,8.65,24.5,0
2999.6,1396.9,5.87,83.8,1848.3,0.74,26.6,1
1812.0,953.2,0.2,68.3,120.0,3.75,34.2,0
646.3,305.2,10.81,49.1,50.0,3.35,35.1,0
1932.1,929.6,7.47,65.2,350.0,9.93,25.7,0
2793.8,1938.5,6.99,68.2,1115.6,9.86,30.3,0
2549.5,1177.0,5.81,89.3,1961.1,1.9,25.8,1
2478.3,1605.2,6.49,77.4,50.0,6.3,26.9,0
2018.0,1073.1,4.21,79.1,2774.3,5.36,25.6,0
1368.6,973.7,7.85,89.2,1636.5,1.54,21.1,0
2534.9,1509.6,2.08,73.8,2588.2,1.68,28.4,1
1657.7,897.9,6.56,84.1,791.2,9.89,29.2,0
3619.7,2191.0,7.68,83.2,1903.1,4.53,25.3,1
2570.8,1451.5,5.4,59.6,1568.2,1.26,32.4,1
1822.6,1128.7,7.11,92.7,2154.1,2.15,26.3,1
1802.6,873.1,3.03,58.0,1313.0,2.68,25.5,0
2139.6,1602.8,3.1,86.0,1878.6,5.11,30.1,1
2044.3,1180.9,6.71,56.8,2381.8,3.36,21.8,0
2925.9,1622.3,8.04,82.2,979.1,4.55,31.6,0
2321.2,1539.1,0.38,97.3,1693.8,1.66,26.4,1
1724.4,964.3,7.57,72.4,50.0,3.27,32.0,0
3428.8,2400.1,4.37,71.9,2062.0,0.7,33.2,1
2232.1,1308.6,5.42,82.3,3063.7,8.9,30.6,1
2699.7,1797.7,1.98,71.0,504.5,1.99,24.8,0
1804.7,870.3,3.45,96.8,1426.9,7.57,23.0,0
2436.0,1714.6,8.9,77.3,2204.4,3.5,22.3,1
2402.2,1611.2,6.1,71.2,1525.1,4.74,32.4,1
971.7,499.0,4.85,68.5,1632.1,2.91,27.5,0
3509.9,1732.5,5.65,63.8,1187.2,6.96,25.6,0
3038.9,1655.9,7.47,67.5,1157.5,8.45,27.5,0
1941.8,1442.4,7.32,70.8,1430.6,2.86,32.3,0
1483.5,781.9,5.77,69.1,1533.3,2.42,31.1,0
2425.9,1423.6,9.28,67.1,554.8,6.81,29.8,0
2256.4,1035.7,8.91,100.0,1447.2,1.95,30.6,1
2431.2,1383.8,7.24,62.6,2754.8,6.4,28.7,0
2324.5,1444.5,6.16,76.8,1164.7,0.94,29.2,0
2529.1,1861.2,7.97,82.1,510.2,6.2,28.9,0
3140.7,1900.2,6.94,82.6,1378.9,5.13,28.0,1
2569.3,1787.5,9.18,74.3,928.3,1.14,31.0,1
1517.7,932.1,8.7,72.1,429.3,6.49,29.4,0
3085.7,1426.3,2.95,80.4,1611.3,4.47,24.5,1
3266.4,1778.6,2.74,78.2,931.8,2.17,30.1,1
4248.8,2645.6,3.9,71.9,1000.2,3.53,29.0,1
1469.7,1080.5,8.93,56.3,1622.7,4.92,30.4,0
2357.9,1668.8,1.27,69.4,273.5,0.92,27.6,1
846.6,439.0,7.18,61.2,106.7,9.58,31.2,0
2559.5,1320.8,7.09,67.0,2036.7,6.66,27.8,0
1843.7,940.9,9.49,75.4,50.0,1.03,30.9,0
3450.2,2507.5,6.54,79.3,718.7,8.23,26.2,1
1696.5,1197.4,1.97,96.4,60.1,3.23,26.5,0
1102.0,752.1,3.12,68.6,1111.1,5.97,30.4,0
1893.7,1075.3,2.45,84.3,1842.4,2.77,26.7,1
915.9,550.8,4.39,78.7,1589.9,7.33,36.8,0
2688.2,1584.2,5.45,90.6,3413.5,7.23,30.3,1
857.7,451.2,2.5,81.9,2369.5,5.52,28.1,0
2218.5,1334.4,10.41,62.9,755.1,2.41,31.3,0
849.4,390.0,2.02,54.3,542.4,2.54,26.1,0
1991.8,975.1,10.04,78.7,3665.4,3.83,31.7,1
3268.2,2340.0,9.56,68.7,2350.1,1.45,31.6,1
2434.4,1644.5,8.69,63.2,1971.5,3.38,33.0,1
